-- phpMyAdmin SQL Dump
-- version 4.6.4
-- https://www.phpmyadmin.net/
--
-- Servidor: 127.0.0.1
-- Tiempo de generación: 11-02-2017 a las 17:18:38
-- Versión del servidor: 5.7.14
-- Versión de PHP: 7.0.10

SET SQL_MODE = "NO_AUTO_VALUE_ON_ZERO";
SET time_zone = "+00:00";


/*!40101 SET @OLD_CHARACTER_SET_CLIENT=@@CHARACTER_SET_CLIENT */;
/*!40101 SET @OLD_CHARACTER_SET_RESULTS=@@CHARACTER_SET_RESULTS */;
/*!40101 SET @OLD_COLLATION_CONNECTION=@@COLLATION_CONNECTION */;
/*!40101 SET NAMES utf8mb4 */;

--
-- Base de datos: `satis`
--

-- --------------------------------------------------------

--
-- Estructura de tabla para la tabla `answers`
--

CREATE TABLE `answers` (
  `id` int(255) UNSIGNED NOT NULL,
  `user_id` int(11) UNSIGNED NOT NULL,
  `section_id` int(11) UNSIGNED NOT NULL,
  `survey_id` int(11) UNSIGNED NOT NULL,
  `question_id` int(11) UNSIGNED NOT NULL,
  `result` text COLLATE utf8_spanish_ci NOT NULL,
  `teacher` varchar(50) COLLATE utf8_spanish_ci DEFAULT NULL,
  `created_at` timestamp NOT NULL DEFAULT CURRENT_TIMESTAMP ON UPDATE CURRENT_TIMESTAMP,
  `updated_at` timestamp NULL DEFAULT NULL
) ENGINE=InnoDB DEFAULT CHARSET=utf8 COLLATE=utf8_spanish_ci;

--
-- Volcado de datos para la tabla `answers`
--

INSERT INTO `answers` (`id`, `user_id`, `section_id`, `survey_id`, `question_id`, `result`, `teacher`, `created_at`, `updated_at`) VALUES
(1, 2, 15, 2, 193, 'rerwrwe', NULL, '2017-01-31 22:08:18', '2017-01-31 22:08:18'),
(2, 2, 15, 2, 194, '1', NULL, '2017-01-31 22:08:18', '2017-01-31 22:08:18'),
(3, 2, 15, 2, 195, 'rwer', NULL, '2017-01-31 22:08:18', '2017-01-31 22:08:18'),
(4, 2, 15, 2, 196, 'werwe', NULL, '2017-01-31 22:08:18', '2017-01-31 22:08:18'),
(5, 2, 15, 2, 197, 'werwerwe', NULL, '2017-01-31 22:08:18', '2017-01-31 22:08:18'),
(6, 2, 15, 2, 198, '2', NULL, '2017-01-31 22:08:19', '2017-01-31 22:08:19'),
(7, 2, 15, 2, 199, '', NULL, '2017-01-31 22:08:19', '2017-01-31 22:08:19'),
(8, 2, 15, 2, 200, '', NULL, '2017-01-31 22:08:19', '2017-01-31 22:08:19'),
(9, 2, 15, 2, 202, 'ewrwrwerew', NULL, '2017-01-31 22:08:19', '2017-01-31 22:08:19'),
(10, 2, 15, 2, 203, 'werwerwe', NULL, '2017-01-31 22:08:19', '2017-01-31 22:08:19'),
(11, 3, 7, 2, 39, '9', NULL, '2017-01-31 22:16:23', '2017-01-31 22:16:23'),
(12, 3, 7, 2, 40, '10', NULL, '2017-01-31 22:16:23', '2017-01-31 22:16:23'),
(13, 3, 7, 2, 41, '10', NULL, '2017-01-31 22:16:23', '2017-01-31 22:16:23'),
(14, 3, 7, 2, 42, '10', NULL, '2017-01-31 22:16:23', '2017-01-31 22:16:23'),
(15, 3, 7, 2, 43, '10', NULL, '2017-01-31 22:16:23', '2017-01-31 22:16:23'),
(16, 3, 7, 2, 44, '10', NULL, '2017-01-31 22:16:23', '2017-01-31 22:16:23'),
(17, 3, 7, 2, 45, '2', NULL, '2017-01-31 22:16:23', '2017-01-31 22:16:23'),
(18, 3, 8, 2, 46, '5', NULL, '2017-01-31 22:16:45', '2017-01-31 22:16:45'),
(19, 3, 8, 2, 47, '5', NULL, '2017-01-31 22:16:45', '2017-01-31 22:16:45'),
(20, 3, 8, 2, 48, '5', NULL, '2017-01-31 22:16:45', '2017-01-31 22:16:45'),
(21, 3, 8, 2, 49, '5', NULL, '2017-01-31 22:16:45', '2017-01-31 22:16:45'),
(22, 3, 8, 2, 50, '5', NULL, '2017-01-31 22:16:45', '2017-01-31 22:16:45'),
(23, 3, 8, 2, 51, '5', NULL, '2017-01-31 22:16:45', '2017-01-31 22:16:45'),
(24, 3, 8, 2, 52, '5', NULL, '2017-01-31 22:16:45', '2017-01-31 22:16:45'),
(25, 3, 8, 2, 53, '1111', NULL, '2017-01-31 22:16:45', '2017-01-31 22:16:45'),
(26, 3, 9, 2, 54, '5', NULL, '2017-01-31 22:17:16', '2017-01-31 22:17:16'),
(27, 3, 9, 2, 55, '4', NULL, '2017-01-31 22:17:16', '2017-01-31 22:17:16'),
(28, 3, 9, 2, 56, '3', NULL, '2017-01-31 22:17:16', '2017-01-31 22:17:16'),
(29, 3, 9, 2, 57, '5', NULL, '2017-01-31 22:17:16', '2017-01-31 22:17:16'),
(30, 3, 9, 2, 58, '5', NULL, '2017-01-31 22:17:16', '2017-01-31 22:17:16'),
(31, 3, 9, 2, 59, '5', NULL, '2017-01-31 22:17:17', '2017-01-31 22:17:17'),
(32, 3, 9, 2, 60, '5', NULL, '2017-01-31 22:17:17', '2017-01-31 22:17:17'),
(33, 3, 9, 2, 61, '5', NULL, '2017-01-31 22:17:17', '2017-01-31 22:17:17'),
(34, 3, 9, 2, 62, '5', NULL, '2017-01-31 22:17:17', '2017-01-31 22:17:17'),
(35, 3, 9, 2, 63, '5', NULL, '2017-01-31 22:17:17', '2017-01-31 22:17:17'),
(36, 3, 9, 2, 64, '5', NULL, '2017-01-31 22:17:17', '2017-01-31 22:17:17'),
(37, 3, 9, 2, 65, '5', NULL, '2017-01-31 22:17:17', '2017-01-31 22:17:17'),
(38, 3, 9, 2, 66, '5', NULL, '2017-01-31 22:17:17', '2017-01-31 22:17:17'),
(39, 3, 9, 2, 67, '5', NULL, '2017-01-31 22:17:17', '2017-01-31 22:17:17'),
(40, 3, 9, 2, 68, '5', NULL, '2017-01-31 22:17:17', '2017-01-31 22:17:17'),
(41, 3, 9, 2, 69, '4', NULL, '2017-01-31 22:17:17', '2017-01-31 22:17:17'),
(42, 3, 9, 2, 70, '1111', NULL, '2017-01-31 22:17:17', '2017-01-31 22:17:17'),
(43, 3, 9, 2, 71, '2', NULL, '2017-01-31 22:17:17', '2017-01-31 22:17:17'),
(44, 3, 9, 2, 72, '2', NULL, '2017-01-31 22:17:17', '2017-01-31 22:17:17'),
(45, 3, 9, 2, 73, '1', NULL, '2017-01-31 22:17:17', '2017-01-31 22:17:17'),
(46, 3, 14, 2, 153, '1', NULL, '2017-01-31 22:18:15', '2017-01-31 22:18:15'),
(47, 3, 14, 2, 189, '2', NULL, '2017-01-31 22:18:15', '2017-01-31 22:18:15'),
(48, 3, 14, 2, 204, '2', NULL, '2017-01-31 22:18:15', '2017-01-31 22:18:15'),
(49, 3, 14, 2, 205, '1', NULL, '2017-01-31 22:18:15', '2017-01-31 22:18:15'),
(50, 3, 14, 2, 154, '', NULL, '2017-01-31 22:18:15', '2017-01-31 22:18:15'),
(51, 3, 14, 2, 190, '1', NULL, '2017-01-31 22:18:15', '2017-01-31 22:18:15'),
(52, 3, 14, 2, 191, 'muay thay', NULL, '2017-01-31 22:18:15', '2017-01-31 22:18:15'),
(53, 3, 14, 2, 192, 'centro de san nicolas', NULL, '2017-01-31 22:18:15', '2017-01-31 22:18:15'),
(54, 3, 15, 2, 193, 'dfokeofoerfijriomferjfioj,fsdsfdsfdsfsdfdfojfdfokeofoerfijriomferjfioj,fsdsfdsfdsfsdfdfojf\r\ndfokeofoerfijriomferjfioj,fsdsfdsfdsfsdfdfojf\r\ndfokeofoerfijriomferjfioj,fsdsfdsfdsfsdfdfojfdfokeofoerfijriomferjfioj,fsdsfdsfdsfsdfdfojf', NULL, '2017-01-31 22:18:45', '2017-01-31 22:18:45'),
(55, 3, 15, 2, 194, '1', NULL, '2017-01-31 22:18:45', '2017-01-31 22:18:45'),
(56, 3, 15, 2, 195, 'dsdsada', NULL, '2017-01-31 22:18:45', '2017-01-31 22:18:45'),
(57, 3, 15, 2, 196, 'asdsad', NULL, '2017-01-31 22:18:45', '2017-01-31 22:18:45'),
(58, 3, 15, 2, 197, 'asdsdas', NULL, '2017-01-31 22:18:45', '2017-01-31 22:18:45'),
(59, 3, 15, 2, 198, '2', NULL, '2017-01-31 22:18:45', '2017-01-31 22:18:45'),
(60, 3, 15, 2, 199, '', NULL, '2017-01-31 22:18:45', '2017-01-31 22:18:45'),
(61, 3, 15, 2, 200, '', NULL, '2017-01-31 22:18:45', '2017-01-31 22:18:45'),
(62, 3, 15, 2, 202, 'dasdasd', NULL, '2017-01-31 22:18:45', '2017-01-31 22:18:45'),
(63, 3, 15, 2, 203, 'asdasd', NULL, '2017-01-31 22:18:45', '2017-01-31 22:18:45'),
(64, 4, 7, 2, 39, '9', NULL, '2017-01-31 22:20:37', '2017-01-31 22:20:37'),
(65, 4, 7, 2, 40, '10', NULL, '2017-01-31 22:20:37', '2017-01-31 22:20:37'),
(66, 4, 7, 2, 41, '10', NULL, '2017-01-31 22:20:37', '2017-01-31 22:20:37'),
(67, 4, 7, 2, 42, '5', NULL, '2017-01-31 22:20:37', '2017-01-31 22:20:37'),
(68, 4, 7, 2, 43, '6', NULL, '2017-01-31 22:20:37', '2017-01-31 22:20:37'),
(69, 4, 7, 2, 44, '5', NULL, '2017-01-31 22:20:37', '2017-01-31 22:20:37'),
(70, 4, 7, 2, 45, '1', NULL, '2017-01-31 22:20:37', '2017-01-31 22:20:37'),
(71, 4, 8, 2, 46, '4', NULL, '2017-01-31 22:21:32', '2017-01-31 22:21:32'),
(72, 4, 8, 2, 47, '4', NULL, '2017-01-31 22:21:32', '2017-01-31 22:21:32'),
(73, 4, 8, 2, 48, '3', NULL, '2017-01-31 22:21:32', '2017-01-31 22:21:32'),
(74, 4, 8, 2, 49, '3', NULL, '2017-01-31 22:21:32', '2017-01-31 22:21:32'),
(75, 4, 8, 2, 50, '5', NULL, '2017-01-31 22:21:32', '2017-01-31 22:21:32'),
(76, 4, 8, 2, 51, '3', NULL, '2017-01-31 22:21:32', '2017-01-31 22:21:32'),
(77, 4, 8, 2, 52, '4', NULL, '2017-01-31 22:21:32', '2017-01-31 22:21:32'),
(78, 4, 8, 2, 53, '4', NULL, '2017-01-31 22:21:32', '2017-01-31 22:21:32'),
(79, 4, 9, 2, 54, '4', NULL, '2017-01-31 22:21:57', '2017-01-31 22:21:57'),
(80, 4, 9, 2, 55, '5', NULL, '2017-01-31 22:21:57', '2017-01-31 22:21:57'),
(81, 4, 9, 2, 56, '5', NULL, '2017-01-31 22:21:57', '2017-01-31 22:21:57'),
(82, 4, 9, 2, 57, '5', NULL, '2017-01-31 22:21:57', '2017-01-31 22:21:57'),
(83, 4, 9, 2, 58, '4', NULL, '2017-01-31 22:21:57', '2017-01-31 22:21:57'),
(84, 4, 9, 2, 59, '5', NULL, '2017-01-31 22:21:57', '2017-01-31 22:21:57'),
(85, 4, 9, 2, 60, '5', NULL, '2017-01-31 22:21:57', '2017-01-31 22:21:57'),
(86, 4, 9, 2, 61, '4', NULL, '2017-01-31 22:21:57', '2017-01-31 22:21:57'),
(87, 4, 9, 2, 62, '4', NULL, '2017-01-31 22:21:57', '2017-01-31 22:21:57'),
(88, 4, 9, 2, 63, '5', NULL, '2017-01-31 22:21:57', '2017-01-31 22:21:57'),
(89, 4, 9, 2, 64, '5', NULL, '2017-01-31 22:21:57', '2017-01-31 22:21:57'),
(90, 4, 9, 2, 65, '1111', NULL, '2017-01-31 22:21:57', '2017-01-31 22:21:57'),
(91, 4, 9, 2, 66, '4', NULL, '2017-01-31 22:21:57', '2017-01-31 22:21:57'),
(92, 4, 9, 2, 67, '4', NULL, '2017-01-31 22:21:58', '2017-01-31 22:21:58'),
(93, 4, 9, 2, 68, '4', NULL, '2017-01-31 22:21:58', '2017-01-31 22:21:58'),
(94, 4, 9, 2, 69, '4', NULL, '2017-01-31 22:21:58', '2017-01-31 22:21:58'),
(95, 4, 9, 2, 70, '4', NULL, '2017-01-31 22:21:58', '2017-01-31 22:21:58'),
(96, 4, 9, 2, 71, '4', NULL, '2017-01-31 22:21:58', '2017-01-31 22:21:58'),
(97, 4, 9, 2, 72, '4', NULL, '2017-01-31 22:21:58', '2017-01-31 22:21:58'),
(98, 4, 9, 2, 73, '4', NULL, '2017-01-31 22:21:58', '2017-01-31 22:21:58'),
(99, 4, 14, 2, 153, '1', NULL, '2017-01-31 22:22:26', '2017-01-31 22:22:26'),
(100, 4, 14, 2, 189, '3', NULL, '2017-01-31 22:22:26', '2017-01-31 22:22:26'),
(101, 4, 14, 2, 154, '', NULL, '2017-01-31 22:22:26', '2017-01-31 22:22:26'),
(102, 4, 14, 2, 190, '2', NULL, '2017-01-31 22:22:26', '2017-01-31 22:22:26'),
(103, 4, 14, 2, 191, '', NULL, '2017-01-31 22:22:26', '2017-01-31 22:22:26'),
(104, 4, 14, 2, 192, '', NULL, '2017-01-31 22:22:26', '2017-01-31 22:22:26'),
(105, 4, 15, 2, 193, 'ESTA EL MAESTRO VICTOR AHI', NULL, '2017-01-31 22:23:22', '2017-01-31 22:23:22'),
(106, 4, 15, 2, 194, '1', NULL, '2017-01-31 22:23:22', '2017-01-31 22:23:22'),
(107, 4, 15, 2, 195, 'ES EL MEJOR', NULL, '2017-01-31 22:23:22', '2017-01-31 22:23:22'),
(108, 4, 15, 2, 196, 'LOS MAESTROS', NULL, '2017-01-31 22:23:22', '2017-01-31 22:23:22'),
(109, 4, 15, 2, 197, 'BAÑOS', NULL, '2017-01-31 22:23:22', '2017-01-31 22:23:22'),
(110, 4, 15, 2, 198, '2', NULL, '2017-01-31 22:23:22', '2017-01-31 22:23:22'),
(111, 4, 15, 2, 199, '', NULL, '2017-01-31 22:23:22', '2017-01-31 22:23:22'),
(112, 4, 15, 2, 200, '', NULL, '2017-01-31 22:23:22', '2017-01-31 22:23:22'),
(113, 4, 15, 2, 202, '', NULL, '2017-01-31 22:23:22', '2017-01-31 22:23:22'),
(114, 4, 15, 2, 203, 'ALAVARO', NULL, '2017-01-31 22:23:22', '2017-01-31 22:23:22'),
(115, 6, 7, 2, 39, '9', NULL, '2017-01-31 23:38:42', '2017-01-31 23:38:42'),
(116, 6, 7, 2, 40, '10', NULL, '2017-01-31 23:38:42', '2017-01-31 23:38:42'),
(117, 6, 7, 2, 41, '10', NULL, '2017-01-31 23:38:42', '2017-01-31 23:38:42'),
(118, 6, 7, 2, 42, '9', NULL, '2017-01-31 23:38:42', '2017-01-31 23:38:42'),
(119, 6, 7, 2, 43, '9', NULL, '2017-01-31 23:38:42', '2017-01-31 23:38:42'),
(120, 6, 7, 2, 44, '9', NULL, '2017-01-31 23:38:42', '2017-01-31 23:38:42'),
(121, 6, 7, 2, 45, '3', NULL, '2017-01-31 23:38:42', '2017-01-31 23:38:42'),
(122, 6, 8, 2, 46, '1111', NULL, '2017-01-31 23:39:18', '2017-01-31 23:39:18'),
(123, 6, 8, 2, 47, '5', NULL, '2017-01-31 23:39:18', '2017-01-31 23:39:18'),
(124, 6, 8, 2, 48, '5', NULL, '2017-01-31 23:39:18', '2017-01-31 23:39:18'),
(125, 6, 8, 2, 49, '5', NULL, '2017-01-31 23:39:19', '2017-01-31 23:39:19'),
(126, 6, 8, 2, 50, '1111', NULL, '2017-01-31 23:39:19', '2017-01-31 23:39:19'),
(127, 6, 8, 2, 51, '1111', NULL, '2017-01-31 23:39:19', '2017-01-31 23:39:19'),
(128, 6, 8, 2, 52, '5', NULL, '2017-01-31 23:39:19', '2017-01-31 23:39:19'),
(129, 6, 8, 2, 53, '4', NULL, '2017-01-31 23:39:19', '2017-01-31 23:39:19'),
(130, 6, 8, 2, 46, '1111', NULL, '2017-01-31 23:39:20', '2017-01-31 23:39:20'),
(131, 6, 8, 2, 47, '5', NULL, '2017-01-31 23:39:20', '2017-01-31 23:39:20'),
(132, 6, 8, 2, 48, '5', NULL, '2017-01-31 23:39:20', '2017-01-31 23:39:20'),
(133, 6, 8, 2, 49, '5', NULL, '2017-01-31 23:39:20', '2017-01-31 23:39:20'),
(134, 6, 8, 2, 50, '1111', NULL, '2017-01-31 23:39:20', '2017-01-31 23:39:20'),
(135, 6, 8, 2, 51, '1111', NULL, '2017-01-31 23:39:20', '2017-01-31 23:39:20'),
(136, 6, 8, 2, 52, '5', NULL, '2017-01-31 23:39:20', '2017-01-31 23:39:20'),
(137, 6, 8, 2, 53, '4', NULL, '2017-01-31 23:39:20', '2017-01-31 23:39:20'),
(138, 6, 9, 2, 54, '5', NULL, '2017-01-31 23:39:46', '2017-01-31 23:39:46'),
(139, 6, 9, 2, 55, '5', NULL, '2017-01-31 23:39:46', '2017-01-31 23:39:46'),
(140, 6, 9, 2, 56, '4', NULL, '2017-01-31 23:39:46', '2017-01-31 23:39:46'),
(141, 6, 9, 2, 57, '5', NULL, '2017-01-31 23:39:46', '2017-01-31 23:39:46'),
(142, 6, 9, 2, 58, '5', NULL, '2017-01-31 23:39:46', '2017-01-31 23:39:46'),
(143, 6, 9, 2, 59, '5', NULL, '2017-01-31 23:39:46', '2017-01-31 23:39:46'),
(144, 6, 9, 2, 60, '5', NULL, '2017-01-31 23:39:46', '2017-01-31 23:39:46'),
(145, 6, 9, 2, 61, '5', NULL, '2017-01-31 23:39:46', '2017-01-31 23:39:46'),
(146, 6, 9, 2, 62, '4', NULL, '2017-01-31 23:39:46', '2017-01-31 23:39:46'),
(147, 6, 9, 2, 63, '5', NULL, '2017-01-31 23:39:46', '2017-01-31 23:39:46'),
(148, 6, 9, 2, 64, '4', NULL, '2017-01-31 23:39:46', '2017-01-31 23:39:46'),
(149, 6, 9, 2, 65, '5', NULL, '2017-01-31 23:39:46', '2017-01-31 23:39:46'),
(150, 6, 9, 2, 66, '5', NULL, '2017-01-31 23:39:46', '2017-01-31 23:39:46'),
(151, 6, 9, 2, 67, '2', NULL, '2017-01-31 23:39:46', '2017-01-31 23:39:46'),
(152, 6, 9, 2, 68, '5', NULL, '2017-01-31 23:39:46', '2017-01-31 23:39:46'),
(153, 6, 9, 2, 69, '4', NULL, '2017-01-31 23:39:46', '2017-01-31 23:39:46'),
(154, 6, 9, 2, 70, '5', NULL, '2017-01-31 23:39:46', '2017-01-31 23:39:46'),
(155, 6, 9, 2, 71, '5', NULL, '2017-01-31 23:39:46', '2017-01-31 23:39:46'),
(156, 6, 9, 2, 72, '4', NULL, '2017-01-31 23:39:46', '2017-01-31 23:39:46'),
(157, 6, 9, 2, 73, '3', NULL, '2017-01-31 23:39:46', '2017-01-31 23:39:46'),
(158, 6, 14, 2, 153, '1', NULL, '2017-01-31 23:41:39', '2017-01-31 23:41:39'),
(159, 6, 14, 2, 189, '2', NULL, '2017-01-31 23:41:39', '2017-01-31 23:41:39'),
(160, 6, 14, 2, 204, '14', NULL, '2017-01-31 23:41:39', '2017-01-31 23:41:39'),
(161, 6, 14, 2, 205, '12', NULL, '2017-01-31 23:41:39', '2017-01-31 23:41:39'),
(162, 6, 14, 2, 154, '', NULL, '2017-01-31 23:41:39', '2017-01-31 23:41:39'),
(163, 6, 14, 2, 190, '2', NULL, '2017-01-31 23:41:40', '2017-01-31 23:41:40'),
(164, 6, 14, 2, 191, '', NULL, '2017-01-31 23:41:40', '2017-01-31 23:41:40'),
(165, 6, 14, 2, 192, '', NULL, '2017-01-31 23:41:40', '2017-01-31 23:41:40'),
(166, 6, 15, 2, 193, 'fcrfcrfcrfcrfcrfcrf', NULL, '2017-01-31 23:42:00', '2017-01-31 23:42:00'),
(167, 6, 15, 2, 194, '1', NULL, '2017-01-31 23:42:00', '2017-01-31 23:42:00'),
(168, 6, 15, 2, 195, 'crfxcrfcrfc', NULL, '2017-01-31 23:42:00', '2017-01-31 23:42:00'),
(169, 6, 15, 2, 196, 'xrfcrfc', NULL, '2017-01-31 23:42:00', '2017-01-31 23:42:00'),
(170, 6, 15, 2, 197, 'rfcrfcrfcrf', NULL, '2017-01-31 23:42:00', '2017-01-31 23:42:00'),
(171, 6, 15, 2, 198, '2', NULL, '2017-01-31 23:42:00', '2017-01-31 23:42:00'),
(172, 6, 15, 2, 199, '', NULL, '2017-01-31 23:42:00', '2017-01-31 23:42:00'),
(173, 6, 15, 2, 200, '', NULL, '2017-01-31 23:42:00', '2017-01-31 23:42:00'),
(174, 6, 15, 2, 202, 'crfcrfcrf', NULL, '2017-01-31 23:42:00', '2017-01-31 23:42:00'),
(175, 6, 15, 2, 203, 'rfcrfcrfc', NULL, '2017-01-31 23:42:00', '2017-01-31 23:42:00'),
(176, 15, 7, 3, 39, '8', NULL, '2017-02-03 19:07:42', '2017-02-03 19:07:42'),
(177, 15, 7, 3, 40, '8', NULL, '2017-02-03 19:07:43', '2017-02-03 19:07:43'),
(178, 15, 7, 3, 41, '8', NULL, '2017-02-03 19:07:43', '2017-02-03 19:07:43'),
(179, 15, 7, 3, 42, '7', NULL, '2017-02-03 19:07:43', '2017-02-03 19:07:43'),
(180, 15, 7, 3, 43, '7', NULL, '2017-02-03 19:07:44', '2017-02-03 19:07:44'),
(181, 15, 7, 3, 44, '7', NULL, '2017-02-03 19:07:44', '2017-02-03 19:07:44'),
(182, 15, 7, 3, 45, '3', NULL, '2017-02-03 19:07:44', '2017-02-03 19:07:44'),
(183, 16, 7, 3, 39, '9', NULL, '2017-02-07 20:27:05', '2017-02-07 20:27:05'),
(184, 16, 7, 3, 40, '10', NULL, '2017-02-07 20:27:05', '2017-02-07 20:27:05'),
(185, 16, 7, 3, 41, '10', NULL, '2017-02-07 20:27:05', '2017-02-07 20:27:05'),
(186, 16, 7, 3, 42, '10', NULL, '2017-02-07 20:27:05', '2017-02-07 20:27:05'),
(187, 16, 7, 3, 43, '10', NULL, '2017-02-07 20:27:05', '2017-02-07 20:27:05'),
(188, 16, 7, 3, 44, '8', NULL, '2017-02-07 20:27:05', '2017-02-07 20:27:05'),
(189, 16, 7, 3, 45, '3', NULL, '2017-02-07 20:27:05', '2017-02-07 20:27:05'),
(190, 16, 10, 3, 74, 'Christopher Medina', NULL, '2017-02-07 20:28:18', '2017-02-07 20:28:18'),
(191, 16, 10, 3, 75, '5', NULL, '2017-02-07 20:28:18', '2017-02-07 20:28:18'),
(192, 16, 10, 3, 76, '5', NULL, '2017-02-07 20:28:19', '2017-02-07 20:28:19'),
(193, 16, 10, 3, 77, '5', NULL, '2017-02-07 20:28:19', '2017-02-07 20:28:19'),
(194, 16, 10, 3, 78, '5', NULL, '2017-02-07 20:28:19', '2017-02-07 20:28:19'),
(195, 16, 10, 3, 79, '1111', NULL, '2017-02-07 20:28:19', '2017-02-07 20:28:19'),
(196, 16, 10, 3, 80, '1111', NULL, '2017-02-07 20:28:19', '2017-02-07 20:28:19'),
(197, 16, 10, 3, 81, '4', NULL, '2017-02-07 20:28:19', '2017-02-07 20:28:19'),
(198, 16, 10, 3, 82, '5', NULL, '2017-02-07 20:28:19', '2017-02-07 20:28:19'),
(199, 16, 10, 3, 83, '5', NULL, '2017-02-07 20:28:19', '2017-02-07 20:28:19'),
(200, 16, 10, 3, 84, '4', NULL, '2017-02-07 20:28:19', '2017-02-07 20:28:19'),
(201, 16, 10, 3, 85, '2', NULL, '2017-02-07 20:28:19', '2017-02-07 20:28:19'),
(202, 16, 10, 3, 86, '3', NULL, '2017-02-07 20:28:19', '2017-02-07 20:28:19'),
(203, 16, 10, 3, 87, '4', NULL, '2017-02-07 20:28:19', '2017-02-07 20:28:19'),
(204, 16, 10, 3, 88, '5', NULL, '2017-02-07 20:28:19', '2017-02-07 20:28:19'),
(205, 16, 10, 3, 89, '3', NULL, '2017-02-07 20:28:19', '2017-02-07 20:28:19'),
(206, 16, 10, 3, 90, '3', NULL, '2017-02-07 20:28:19', '2017-02-07 20:28:19'),
(207, 16, 10, 3, 91, '2', NULL, '2017-02-07 20:28:19', '2017-02-07 20:28:19'),
(208, 16, 10, 3, 92, '5', NULL, '2017-02-07 20:28:19', '2017-02-07 20:28:19'),
(209, 16, 10, 3, 93, '4', NULL, '2017-02-07 20:28:19', '2017-02-07 20:28:19'),
(210, 16, 10, 3, 94, '5', NULL, '2017-02-07 20:28:19', '2017-02-07 20:28:19'),
(211, 16, 10, 3, 95, '5', NULL, '2017-02-07 20:28:19', '2017-02-07 20:28:19'),
(212, 16, 10, 3, 97, '5', NULL, '2017-02-07 20:28:19', '2017-02-07 20:28:19'),
(213, 17, 7, 4, 39, '10', NULL, '2017-02-07 21:06:40', '2017-02-07 21:06:40'),
(214, 17, 7, 4, 40, '10', NULL, '2017-02-07 21:06:40', '2017-02-07 21:06:40'),
(215, 17, 7, 4, 41, '10', NULL, '2017-02-07 21:06:40', '2017-02-07 21:06:40'),
(216, 17, 7, 4, 42, '10', NULL, '2017-02-07 21:06:40', '2017-02-07 21:06:40'),
(217, 17, 7, 4, 43, '10', NULL, '2017-02-07 21:06:40', '2017-02-07 21:06:40'),
(218, 17, 7, 4, 44, '10', NULL, '2017-02-07 21:06:40', '2017-02-07 21:06:40'),
(219, 17, 7, 4, 45, '2', NULL, '2017-02-07 21:06:40', '2017-02-07 21:06:40'),
(220, 17, 12, 4, 118, '5', NULL, '2017-02-07 21:07:08', '2017-02-07 21:07:08'),
(221, 17, 12, 4, 119, '5', NULL, '2017-02-07 21:07:08', '2017-02-07 21:07:08'),
(222, 17, 12, 4, 120, '4', NULL, '2017-02-07 21:07:08', '2017-02-07 21:07:08'),
(223, 17, 12, 4, 121, '5', NULL, '2017-02-07 21:07:08', '2017-02-07 21:07:08'),
(224, 17, 12, 4, 122, '5', NULL, '2017-02-07 21:07:08', '2017-02-07 21:07:08'),
(225, 17, 12, 4, 123, '4', NULL, '2017-02-07 21:07:08', '2017-02-07 21:07:08'),
(226, 17, 12, 4, 124, '5', NULL, '2017-02-07 21:07:08', '2017-02-07 21:07:08'),
(227, 17, 12, 4, 125, '5', NULL, '2017-02-07 21:07:08', '2017-02-07 21:07:08'),
(228, 17, 12, 4, 126, '4', NULL, '2017-02-07 21:07:08', '2017-02-07 21:07:08'),
(229, 17, 12, 4, 127, '4', NULL, '2017-02-07 21:07:08', '2017-02-07 21:07:08'),
(230, 17, 12, 4, 128, '5', NULL, '2017-02-07 21:07:08', '2017-02-07 21:07:08'),
(231, 17, 12, 4, 129, '4', NULL, '2017-02-07 21:07:08', '2017-02-07 21:07:08'),
(232, 17, 12, 4, 130, '5', NULL, '2017-02-07 21:07:08', '2017-02-07 21:07:08'),
(233, 17, 12, 4, 131, '5', NULL, '2017-02-07 21:07:08', '2017-02-07 21:07:08'),
(234, 17, 12, 4, 132, '5', NULL, '2017-02-07 21:07:08', '2017-02-07 21:07:08'),
(235, 17, 12, 4, 133, '5', NULL, '2017-02-07 21:07:08', '2017-02-07 21:07:08'),
(236, 17, 12, 4, 134, '5', NULL, '2017-02-07 21:07:08', '2017-02-07 21:07:08'),
(237, 17, 12, 4, 135, '5', NULL, '2017-02-07 21:07:08', '2017-02-07 21:07:08'),
(238, 17, 12, 4, 136, '5', NULL, '2017-02-07 21:07:08', '2017-02-07 21:07:08'),
(239, 17, 12, 4, 137, '1111', NULL, '2017-02-07 21:07:08', '2017-02-07 21:07:08'),
(240, 21, 25, 10, 39, '10', NULL, '2017-02-08 00:22:53', '2017-02-08 00:22:53'),
(241, 21, 25, 10, 40, '10', NULL, '2017-02-08 00:22:53', '2017-02-08 00:22:53'),
(242, 21, 25, 10, 41, '10', NULL, '2017-02-08 00:22:53', '2017-02-08 00:22:53'),
(243, 21, 25, 10, 42, '10', NULL, '2017-02-08 00:22:53', '2017-02-08 00:22:53'),
(244, 21, 25, 10, 43, '10', NULL, '2017-02-08 00:22:53', '2017-02-08 00:22:53'),
(245, 21, 25, 10, 44, '10', NULL, '2017-02-08 00:22:53', '2017-02-08 00:22:53'),
(246, 21, 25, 10, 45, '2', NULL, '2017-02-08 00:22:53', '2017-02-08 00:22:53'),
(247, 22, 7, 3, 39, '10', NULL, '2017-02-09 18:40:33', '2017-02-09 18:40:33'),
(248, 22, 7, 3, 40, '10', NULL, '2017-02-09 18:40:33', '2017-02-09 18:40:33'),
(249, 22, 7, 3, 41, '10', NULL, '2017-02-09 18:40:33', '2017-02-09 18:40:33'),
(250, 22, 7, 3, 42, '10', NULL, '2017-02-09 18:40:33', '2017-02-09 18:40:33'),
(251, 22, 7, 3, 43, '10', NULL, '2017-02-09 18:40:33', '2017-02-09 18:40:33'),
(252, 22, 7, 3, 44, '10', NULL, '2017-02-09 18:40:33', '2017-02-09 18:40:33'),
(253, 22, 7, 3, 45, '3', NULL, '2017-02-09 18:40:33', '2017-02-09 18:40:33'),
(254, 22, 10, 3, 74, 'García Del Río, Víctor Manuel', NULL, '2017-02-09 18:54:59', '2017-02-09 18:54:59'),
(255, 22, 10, 3, 75, '3', NULL, '2017-02-09 18:55:00', '2017-02-09 18:55:00'),
(256, 22, 10, 3, 76, '5', NULL, '2017-02-09 18:55:00', '2017-02-09 18:55:00'),
(257, 22, 10, 3, 77, '5', NULL, '2017-02-09 18:55:00', '2017-02-09 18:55:00'),
(258, 22, 10, 3, 78, '5', NULL, '2017-02-09 18:55:00', '2017-02-09 18:55:00'),
(259, 22, 10, 3, 79, '5', NULL, '2017-02-09 18:55:00', '2017-02-09 18:55:00'),
(260, 22, 10, 3, 80, '5', NULL, '2017-02-09 18:55:00', '2017-02-09 18:55:00'),
(261, 22, 10, 3, 81, '5', NULL, '2017-02-09 18:55:00', '2017-02-09 18:55:00'),
(262, 22, 10, 3, 82, '5', NULL, '2017-02-09 18:55:00', '2017-02-09 18:55:00'),
(263, 22, 10, 3, 83, '5', NULL, '2017-02-09 18:55:00', '2017-02-09 18:55:00'),
(264, 22, 10, 3, 84, '5', NULL, '2017-02-09 18:55:00', '2017-02-09 18:55:00'),
(265, 22, 10, 3, 85, '5', NULL, '2017-02-09 18:55:00', '2017-02-09 18:55:00'),
(266, 22, 10, 3, 86, '5', NULL, '2017-02-09 18:55:00', '2017-02-09 18:55:00'),
(267, 22, 10, 3, 87, '5', NULL, '2017-02-09 18:55:00', '2017-02-09 18:55:00'),
(268, 22, 10, 3, 88, '5', NULL, '2017-02-09 18:55:00', '2017-02-09 18:55:00'),
(269, 22, 10, 3, 89, '5', NULL, '2017-02-09 18:55:00', '2017-02-09 18:55:00'),
(270, 22, 10, 3, 90, '5', NULL, '2017-02-09 18:55:00', '2017-02-09 18:55:00'),
(271, 22, 10, 3, 91, '5', NULL, '2017-02-09 18:55:00', '2017-02-09 18:55:00'),
(272, 22, 10, 3, 92, '5', NULL, '2017-02-09 18:55:00', '2017-02-09 18:55:00'),
(273, 22, 10, 3, 93, '5', NULL, '2017-02-09 18:55:00', '2017-02-09 18:55:00'),
(274, 22, 10, 3, 94, '5', NULL, '2017-02-09 18:55:00', '2017-02-09 18:55:00'),
(275, 22, 10, 3, 95, '5', NULL, '2017-02-09 18:55:00', '2017-02-09 18:55:00'),
(276, 22, 10, 3, 97, '5', NULL, '2017-02-09 18:55:00', '2017-02-09 18:55:00'),
(277, 22, 11, 3, 98, '5', NULL, '2017-02-09 19:13:31', '2017-02-09 19:13:31'),
(278, 22, 11, 3, 99, '5', NULL, '2017-02-09 19:13:31', '2017-02-09 19:13:31'),
(279, 22, 11, 3, 100, '1111', NULL, '2017-02-09 19:13:31', '2017-02-09 19:13:31'),
(280, 22, 11, 3, 101, '5', NULL, '2017-02-09 19:13:31', '2017-02-09 19:13:31'),
(281, 22, 11, 3, 102, '5', NULL, '2017-02-09 19:13:31', '2017-02-09 19:13:31'),
(282, 22, 11, 3, 103, '4', NULL, '2017-02-09 19:13:31', '2017-02-09 19:13:31'),
(283, 22, 11, 3, 104, '1111', NULL, '2017-02-09 19:13:31', '2017-02-09 19:13:31'),
(284, 22, 11, 3, 105, '1111', NULL, '2017-02-09 19:13:31', '2017-02-09 19:13:31'),
(285, 22, 11, 3, 106, '1111', NULL, '2017-02-09 19:13:31', '2017-02-09 19:13:31'),
(286, 22, 11, 3, 107, '1111', NULL, '2017-02-09 19:13:31', '2017-02-09 19:13:31'),
(287, 22, 11, 3, 108, '5', NULL, '2017-02-09 19:13:31', '2017-02-09 19:13:31'),
(288, 22, 11, 3, 109, '4', NULL, '2017-02-09 19:13:31', '2017-02-09 19:13:31'),
(289, 22, 11, 3, 110, '4', NULL, '2017-02-09 19:13:31', '2017-02-09 19:13:31'),
(290, 22, 11, 3, 111, '3', NULL, '2017-02-09 19:13:31', '2017-02-09 19:13:31'),
(291, 22, 11, 3, 112, '4', NULL, '2017-02-09 19:13:32', '2017-02-09 19:13:32'),
(292, 22, 11, 3, 113, '4', NULL, '2017-02-09 19:13:32', '2017-02-09 19:13:32'),
(293, 22, 11, 3, 114, '5', NULL, '2017-02-09 19:13:32', '2017-02-09 19:13:32'),
(294, 22, 11, 3, 115, '5', NULL, '2017-02-09 19:13:32', '2017-02-09 19:13:32'),
(295, 22, 11, 3, 116, '5', NULL, '2017-02-09 19:13:32', '2017-02-09 19:13:32'),
(296, 22, 11, 3, 117, '5', NULL, '2017-02-09 19:13:32', '2017-02-09 19:13:32'),
(297, 22, 14, 3, 153, '1', NULL, '2017-02-09 19:13:52', '2017-02-09 19:13:52'),
(298, 22, 14, 3, 189, '1', NULL, '2017-02-09 19:13:52', '2017-02-09 19:13:52'),
(299, 22, 14, 3, 154, '', NULL, '2017-02-09 19:13:52', '2017-02-09 19:13:52'),
(300, 22, 14, 3, 190, '2', NULL, '2017-02-09 19:13:52', '2017-02-09 19:13:52'),
(301, 22, 14, 3, 191, '', NULL, '2017-02-09 19:13:52', '2017-02-09 19:13:52'),
(302, 22, 14, 3, 192, '', NULL, '2017-02-09 19:13:52', '2017-02-09 19:13:52'),
(303, 22, 15, 3, 193, 'vywer', NULL, '2017-02-09 19:14:15', '2017-02-09 19:14:15'),
(304, 22, 15, 3, 194, '1', NULL, '2017-02-09 19:14:15', '2017-02-09 19:14:15'),
(305, 22, 15, 3, 195, 'vdfgddfdfgdf', NULL, '2017-02-09 19:14:15', '2017-02-09 19:14:15'),
(306, 22, 15, 3, 196, 'gdfgdg', NULL, '2017-02-09 19:14:15', '2017-02-09 19:14:15'),
(307, 22, 15, 3, 197, 'dgdfgd', NULL, '2017-02-09 19:14:15', '2017-02-09 19:14:15'),
(308, 22, 15, 3, 198, '1', NULL, '2017-02-09 19:14:15', '2017-02-09 19:14:15'),
(309, 22, 15, 3, 199, '', NULL, '2017-02-09 19:14:15', '2017-02-09 19:14:15'),
(310, 22, 15, 3, 200, '', NULL, '2017-02-09 19:14:15', '2017-02-09 19:14:15'),
(311, 22, 15, 3, 202, 'dfgvdfdfgfdgfgdvdfg', NULL, '2017-02-09 19:14:15', '2017-02-09 19:14:15'),
(312, 22, 15, 3, 203, 'dfgdfgfdfdvgvd', NULL, '2017-02-09 19:14:15', '2017-02-09 19:14:15'),
(313, 23, 7, 3, 39, '10', NULL, '2017-02-09 20:18:43', '2017-02-09 20:18:43'),
(314, 23, 7, 3, 40, '8', NULL, '2017-02-09 20:18:43', '2017-02-09 20:18:43'),
(315, 23, 7, 3, 41, '10', NULL, '2017-02-09 20:18:43', '2017-02-09 20:18:43'),
(316, 23, 7, 3, 42, '10', NULL, '2017-02-09 20:18:43', '2017-02-09 20:18:43'),
(317, 23, 7, 3, 43, '10', NULL, '2017-02-09 20:18:43', '2017-02-09 20:18:43'),
(318, 23, 7, 3, 44, '10', NULL, '2017-02-09 20:18:43', '2017-02-09 20:18:43'),
(319, 23, 7, 3, 45, '2', NULL, '2017-02-09 20:18:43', '2017-02-09 20:18:43'),
(320, 23, 10, 3, 74, 'García Del Río, Víctor Manuel', NULL, '2017-02-09 21:21:26', '2017-02-09 21:21:26'),
(321, 23, 10, 3, 75, '5', NULL, '2017-02-09 21:21:26', '2017-02-09 21:21:26'),
(322, 23, 10, 3, 76, '5', NULL, '2017-02-09 21:21:26', '2017-02-09 21:21:26'),
(323, 23, 10, 3, 77, '5', NULL, '2017-02-09 21:21:26', '2017-02-09 21:21:26'),
(324, 23, 10, 3, 78, '5', NULL, '2017-02-09 21:21:26', '2017-02-09 21:21:26'),
(325, 23, 10, 3, 79, '4', NULL, '2017-02-09 21:21:26', '2017-02-09 21:21:26'),
(326, 23, 10, 3, 80, '5', NULL, '2017-02-09 21:21:26', '2017-02-09 21:21:26'),
(327, 23, 10, 3, 81, '5', NULL, '2017-02-09 21:21:26', '2017-02-09 21:21:26'),
(328, 23, 10, 3, 82, '5', NULL, '2017-02-09 21:21:26', '2017-02-09 21:21:26'),
(329, 23, 10, 3, 83, '5', NULL, '2017-02-09 21:21:26', '2017-02-09 21:21:26'),
(330, 23, 10, 3, 84, '5', NULL, '2017-02-09 21:21:26', '2017-02-09 21:21:26'),
(331, 23, 10, 3, 85, '5', NULL, '2017-02-09 21:21:26', '2017-02-09 21:21:26'),
(332, 23, 10, 3, 86, '1111', NULL, '2017-02-09 21:21:26', '2017-02-09 21:21:26'),
(333, 23, 10, 3, 87, '1111', NULL, '2017-02-09 21:21:26', '2017-02-09 21:21:26'),
(334, 23, 10, 3, 88, '1111', NULL, '2017-02-09 21:21:26', '2017-02-09 21:21:26'),
(335, 23, 10, 3, 89, '1111', NULL, '2017-02-09 21:21:26', '2017-02-09 21:21:26'),
(336, 23, 10, 3, 90, '5', NULL, '2017-02-09 21:21:26', '2017-02-09 21:21:26'),
(337, 23, 10, 3, 91, '4', NULL, '2017-02-09 21:21:26', '2017-02-09 21:21:26'),
(338, 23, 10, 3, 92, '4', NULL, '2017-02-09 21:21:26', '2017-02-09 21:21:26'),
(339, 23, 10, 3, 93, '4', NULL, '2017-02-09 21:21:26', '2017-02-09 21:21:26'),
(340, 23, 10, 3, 94, '4', NULL, '2017-02-09 21:21:26', '2017-02-09 21:21:26'),
(341, 23, 10, 3, 95, '5', NULL, '2017-02-09 21:21:26', '2017-02-09 21:21:26'),
(342, 23, 10, 3, 97, '5', NULL, '2017-02-09 21:21:26', '2017-02-09 21:21:26'),
(343, 24, 7, 3, 39, '7', NULL, '2017-02-09 21:23:18', '2017-02-09 21:23:18'),
(344, 24, 7, 3, 40, '8', NULL, '2017-02-09 21:23:18', '2017-02-09 21:23:18'),
(345, 24, 7, 3, 41, '9', NULL, '2017-02-09 21:23:18', '2017-02-09 21:23:18'),
(346, 24, 7, 3, 42, '9', NULL, '2017-02-09 21:23:18', '2017-02-09 21:23:18'),
(347, 24, 7, 3, 43, '9', NULL, '2017-02-09 21:23:18', '2017-02-09 21:23:18'),
(348, 24, 7, 3, 44, '8', NULL, '2017-02-09 21:23:18', '2017-02-09 21:23:18'),
(349, 24, 7, 3, 45, '2', NULL, '2017-02-09 21:23:18', '2017-02-09 21:23:18'),
(350, 24, 10, 3, 74, 'García Del Río, Víctor Manuel', NULL, '2017-02-09 21:23:42', '2017-02-09 21:23:42'),
(351, 24, 10, 3, 75, '4', NULL, '2017-02-09 21:23:42', '2017-02-09 21:23:42'),
(352, 24, 10, 3, 76, '4', NULL, '2017-02-09 21:23:42', '2017-02-09 21:23:42'),
(353, 24, 10, 3, 77, '5', NULL, '2017-02-09 21:23:42', '2017-02-09 21:23:42'),
(354, 24, 10, 3, 78, '4', NULL, '2017-02-09 21:23:42', '2017-02-09 21:23:42'),
(355, 24, 10, 3, 79, '5', NULL, '2017-02-09 21:23:42', '2017-02-09 21:23:42'),
(356, 24, 10, 3, 80, '5', NULL, '2017-02-09 21:23:42', '2017-02-09 21:23:42'),
(357, 24, 10, 3, 81, '5', NULL, '2017-02-09 21:23:42', '2017-02-09 21:23:42'),
(358, 24, 10, 3, 82, '1111', NULL, '2017-02-09 21:23:42', '2017-02-09 21:23:42'),
(359, 24, 10, 3, 83, '5', NULL, '2017-02-09 21:23:42', '2017-02-09 21:23:42'),
(360, 24, 10, 3, 84, '1111', NULL, '2017-02-09 21:23:42', '2017-02-09 21:23:42'),
(361, 24, 10, 3, 85, '1111', NULL, '2017-02-09 21:23:42', '2017-02-09 21:23:42'),
(362, 24, 10, 3, 86, '4', NULL, '2017-02-09 21:23:42', '2017-02-09 21:23:42'),
(363, 24, 10, 3, 87, '4', NULL, '2017-02-09 21:23:42', '2017-02-09 21:23:42'),
(364, 24, 10, 3, 88, '3', NULL, '2017-02-09 21:23:42', '2017-02-09 21:23:42'),
(365, 24, 10, 3, 89, '3', NULL, '2017-02-09 21:23:42', '2017-02-09 21:23:42'),
(366, 24, 10, 3, 90, '4', NULL, '2017-02-09 21:23:42', '2017-02-09 21:23:42'),
(367, 24, 10, 3, 91, '5', NULL, '2017-02-09 21:23:42', '2017-02-09 21:23:42'),
(368, 24, 10, 3, 92, '5', NULL, '2017-02-09 21:23:42', '2017-02-09 21:23:42'),
(369, 24, 10, 3, 93, '5', NULL, '2017-02-09 21:23:42', '2017-02-09 21:23:42'),
(370, 24, 10, 3, 94, '5', NULL, '2017-02-09 21:23:42', '2017-02-09 21:23:42'),
(371, 24, 10, 3, 95, '5', NULL, '2017-02-09 21:23:42', '2017-02-09 21:23:42'),
(372, 24, 10, 3, 97, '4', NULL, '2017-02-09 21:23:42', '2017-02-09 21:23:42'),
(373, 25, 7, 3, 39, '4', NULL, '2017-02-09 21:26:02', '2017-02-09 21:26:02'),
(374, 25, 7, 3, 40, '5', NULL, '2017-02-09 21:26:02', '2017-02-09 21:26:02'),
(375, 25, 7, 3, 41, '7', NULL, '2017-02-09 21:26:02', '2017-02-09 21:26:02'),
(376, 25, 7, 3, 42, '8', NULL, '2017-02-09 21:26:02', '2017-02-09 21:26:02'),
(377, 25, 7, 3, 43, '8', NULL, '2017-02-09 21:26:02', '2017-02-09 21:26:02'),
(378, 25, 7, 3, 44, '8', NULL, '2017-02-09 21:26:02', '2017-02-09 21:26:02'),
(379, 25, 7, 3, 45, '1', NULL, '2017-02-09 21:26:02', '2017-02-09 21:26:02'),
(380, 25, 10, 3, 74, 'García Del Río, Víctor Manuel', NULL, '2017-02-09 21:26:42', '2017-02-09 21:26:42'),
(381, 25, 10, 3, 75, '4', NULL, '2017-02-09 21:26:43', '2017-02-09 21:26:43'),
(382, 25, 10, 3, 76, '5', NULL, '2017-02-09 21:26:43', '2017-02-09 21:26:43'),
(383, 25, 10, 3, 77, '5', NULL, '2017-02-09 21:26:43', '2017-02-09 21:26:43'),
(384, 25, 10, 3, 78, '4', NULL, '2017-02-09 21:26:43', '2017-02-09 21:26:43'),
(385, 25, 10, 3, 79, '1111', NULL, '2017-02-09 21:26:43', '2017-02-09 21:26:43'),
(386, 25, 10, 3, 80, '5', NULL, '2017-02-09 21:26:43', '2017-02-09 21:26:43'),
(387, 25, 10, 3, 81, '1111', NULL, '2017-02-09 21:26:43', '2017-02-09 21:26:43'),
(388, 25, 10, 3, 82, '1111', NULL, '2017-02-09 21:26:43', '2017-02-09 21:26:43'),
(389, 25, 10, 3, 83, '3', NULL, '2017-02-09 21:26:43', '2017-02-09 21:26:43'),
(390, 25, 10, 3, 84, '4', NULL, '2017-02-09 21:26:43', '2017-02-09 21:26:43'),
(391, 25, 10, 3, 85, '4', NULL, '2017-02-09 21:26:43', '2017-02-09 21:26:43'),
(392, 25, 10, 3, 86, '4', NULL, '2017-02-09 21:26:43', '2017-02-09 21:26:43'),
(393, 25, 10, 3, 87, '4', NULL, '2017-02-09 21:26:43', '2017-02-09 21:26:43'),
(394, 25, 10, 3, 88, '4', NULL, '2017-02-09 21:26:43', '2017-02-09 21:26:43'),
(395, 25, 10, 3, 89, '4', NULL, '2017-02-09 21:26:43', '2017-02-09 21:26:43'),
(396, 25, 10, 3, 90, '5', NULL, '2017-02-09 21:26:43', '2017-02-09 21:26:43'),
(397, 25, 10, 3, 91, '4', NULL, '2017-02-09 21:26:43', '2017-02-09 21:26:43'),
(398, 25, 10, 3, 92, '5', NULL, '2017-02-09 21:26:43', '2017-02-09 21:26:43'),
(399, 25, 10, 3, 93, '5', NULL, '2017-02-09 21:26:43', '2017-02-09 21:26:43'),
(400, 25, 10, 3, 94, '5', NULL, '2017-02-09 21:26:43', '2017-02-09 21:26:43'),
(401, 25, 10, 3, 95, '4', NULL, '2017-02-09 21:26:43', '2017-02-09 21:26:43'),
(402, 25, 10, 3, 97, '5', NULL, '2017-02-09 21:26:43', '2017-02-09 21:26:43'),
(403, 26, 7, 3, 39, '10', NULL, '2017-02-09 21:29:54', '2017-02-09 21:29:54'),
(404, 26, 7, 3, 40, '10', NULL, '2017-02-09 21:29:54', '2017-02-09 21:29:54'),
(405, 26, 7, 3, 41, '10', NULL, '2017-02-09 21:29:54', '2017-02-09 21:29:54'),
(406, 26, 7, 3, 42, '10', NULL, '2017-02-09 21:29:54', '2017-02-09 21:29:54'),
(407, 26, 7, 3, 43, '9', NULL, '2017-02-09 21:29:54', '2017-02-09 21:29:54'),
(408, 26, 7, 3, 44, '10', NULL, '2017-02-09 21:29:54', '2017-02-09 21:29:54'),
(409, 26, 7, 3, 45, '4', NULL, '2017-02-09 21:29:54', '2017-02-09 21:29:54'),
(410, 26, 10, 3, 74, 'García Del Río, Víctor Manuel', NULL, '2017-02-09 21:30:41', '2017-02-09 21:30:41'),
(411, 26, 10, 3, 75, '5', NULL, '2017-02-09 21:30:41', '2017-02-09 21:30:41'),
(412, 26, 10, 3, 76, '5', NULL, '2017-02-09 21:30:41', '2017-02-09 21:30:41'),
(413, 26, 10, 3, 77, '5', NULL, '2017-02-09 21:30:41', '2017-02-09 21:30:41'),
(414, 26, 10, 3, 78, '5', NULL, '2017-02-09 21:30:41', '2017-02-09 21:30:41'),
(415, 26, 10, 3, 79, '1111', NULL, '2017-02-09 21:30:41', '2017-02-09 21:30:41'),
(416, 26, 10, 3, 80, '1111', NULL, '2017-02-09 21:30:41', '2017-02-09 21:30:41'),
(417, 26, 10, 3, 81, '1111', NULL, '2017-02-09 21:30:41', '2017-02-09 21:30:41'),
(418, 26, 10, 3, 82, '1111', NULL, '2017-02-09 21:30:41', '2017-02-09 21:30:41'),
(419, 26, 10, 3, 83, '1111', NULL, '2017-02-09 21:30:41', '2017-02-09 21:30:41'),
(420, 26, 10, 3, 84, '1111', NULL, '2017-02-09 21:30:41', '2017-02-09 21:30:41'),
(421, 26, 10, 3, 85, '1111', NULL, '2017-02-09 21:30:41', '2017-02-09 21:30:41'),
(422, 26, 10, 3, 86, '1111', NULL, '2017-02-09 21:30:41', '2017-02-09 21:30:41'),
(423, 26, 10, 3, 87, '1111', NULL, '2017-02-09 21:30:41', '2017-02-09 21:30:41'),
(424, 26, 10, 3, 88, '1111', NULL, '2017-02-09 21:30:41', '2017-02-09 21:30:41'),
(425, 26, 10, 3, 89, '1111', NULL, '2017-02-09 21:30:41', '2017-02-09 21:30:41'),
(426, 26, 10, 3, 90, '1111', NULL, '2017-02-09 21:30:41', '2017-02-09 21:30:41'),
(427, 26, 10, 3, 91, '5', NULL, '2017-02-09 21:30:41', '2017-02-09 21:30:41'),
(428, 26, 10, 3, 92, '1111', NULL, '2017-02-09 21:30:41', '2017-02-09 21:30:41'),
(429, 26, 10, 3, 93, '1111', NULL, '2017-02-09 21:30:41', '2017-02-09 21:30:41'),
(430, 26, 10, 3, 94, '1111', NULL, '2017-02-09 21:30:41', '2017-02-09 21:30:41'),
(431, 26, 10, 3, 95, '1111', NULL, '2017-02-09 21:30:41', '2017-02-09 21:30:41'),
(432, 26, 10, 3, 97, '1111', NULL, '2017-02-09 21:30:41', '2017-02-09 21:30:41'),
(433, 27, 7, 3, 39, '10', 'jojojo', '2017-02-09 21:32:14', '2017-02-09 21:32:14'),
(434, 27, 7, 3, 40, '10', 'jojojo', '2017-02-09 21:32:14', '2017-02-09 21:32:14'),
(435, 27, 7, 3, 41, '10', 'jojojo', '2017-02-09 21:32:14', '2017-02-09 21:32:14'),
(436, 27, 7, 3, 42, '10', 'jojojo', '2017-02-09 21:32:14', '2017-02-09 21:32:14'),
(437, 27, 7, 3, 43, '10', 'jojojo', '2017-02-09 21:32:14', '2017-02-09 21:32:14'),
(438, 27, 7, 3, 44, '10', 'jojojo', '2017-02-09 21:32:14', '2017-02-09 21:32:14'),
(439, 27, 7, 3, 45, '2', 'jojojo', '2017-02-09 21:32:14', '2017-02-09 21:32:14'),
(440, 27, 10, 3, 74, 'Alvarado Garza, Alma Aurora', 'jojojo', '2017-02-09 21:32:42', '2017-02-09 21:32:42'),
(441, 27, 10, 3, 75, '5', 'jajaja', '2017-02-09 21:32:42', '2017-02-09 21:32:42'),
(442, 27, 10, 3, 76, '5', 'jajaja', '2017-02-09 21:32:42', '2017-02-09 21:32:42'),
(443, 27, 10, 3, 77, '5', 'jajaja', '2017-02-09 21:32:42', '2017-02-09 21:32:42'),
(444, 27, 10, 3, 78, '5', 'jajaja', '2017-02-09 21:32:42', '2017-02-09 21:32:42'),
(445, 27, 10, 3, 79, '5', 'jajaja', '2017-02-09 21:32:42', '2017-02-09 21:32:42'),
(446, 27, 10, 3, 80, '5', 'jajaja', '2017-02-09 21:32:42', '2017-02-09 21:32:42'),
(447, 27, 10, 3, 81, '5', 'jajaja', '2017-02-09 21:32:42', '2017-02-09 21:32:42'),
(448, 27, 10, 3, 82, '5', 'jajaja', '2017-02-09 21:32:42', '2017-02-09 21:32:42'),
(449, 27, 10, 3, 83, '1111', 'jajaja', '2017-02-09 21:32:42', '2017-02-09 21:32:42'),
(450, 27, 10, 3, 84, '4', 'jajaja', '2017-02-09 21:32:42', '2017-02-09 21:32:42'),
(451, 27, 10, 3, 85, '4', 'jajaja', '2017-02-09 21:32:42', '2017-02-09 21:32:42'),
(452, 27, 10, 3, 86, '5', 'jajaja', '2017-02-09 21:32:42', '2017-02-09 21:32:42'),
(453, 27, 10, 3, 87, '5', 'jajaja', '2017-02-09 21:32:42', '2017-02-09 21:32:42'),
(454, 27, 10, 3, 88, '5', 'jajaja', '2017-02-09 21:32:42', '2017-02-09 21:32:42'),
(455, 27, 10, 3, 89, '5', 'jajaja', '2017-02-09 21:32:42', '2017-02-09 21:32:42'),
(456, 27, 10, 3, 90, '5', 'jajaja', '2017-02-09 21:32:42', '2017-02-09 21:32:42'),
(457, 27, 10, 3, 91, '1111', 'jajaja', '2017-02-09 21:32:42', '2017-02-09 21:32:42'),
(458, 27, 10, 3, 92, '1111', 'jajaja', '2017-02-09 21:32:42', '2017-02-09 21:32:42'),
(459, 27, 10, 3, 93, '1111', 'jajaja', '2017-02-09 21:32:42', '2017-02-09 21:32:42'),
(460, 27, 10, 3, 94, '5', 'jajaja', '2017-02-09 21:32:42', '2017-02-09 21:32:42'),
(461, 27, 10, 3, 95, '5', 'jajaja', '2017-02-09 21:32:42', '2017-02-09 21:32:42'),
(462, 27, 10, 3, 97, '5', 'jajaja', '2017-02-09 21:32:42', '2017-02-09 21:32:42'),
(463, 29, 7, 3, 39, '6', NULL, '2017-02-09 21:36:55', '2017-02-09 21:36:55'),
(464, 29, 7, 3, 40, '6', NULL, '2017-02-09 21:36:55', '2017-02-09 21:36:55'),
(465, 29, 7, 3, 41, '6', NULL, '2017-02-09 21:36:55', '2017-02-09 21:36:55'),
(466, 29, 7, 3, 42, '6', NULL, '2017-02-09 21:36:55', '2017-02-09 21:36:55'),
(467, 29, 7, 3, 43, '5', NULL, '2017-02-09 21:36:55', '2017-02-09 21:36:55'),
(468, 29, 7, 3, 44, '6', NULL, '2017-02-09 21:36:55', '2017-02-09 21:36:55'),
(469, 29, 7, 3, 45, '2', NULL, '2017-02-09 21:36:55', '2017-02-09 21:36:55'),
(470, 29, 10, 3, 74, 'García Del Río, Víctor Manuel', NULL, '2017-02-09 21:37:27', '2017-02-09 21:37:27'),
(471, 29, 10, 3, 75, '5', NULL, '2017-02-09 21:37:27', '2017-02-09 21:37:27'),
(472, 29, 10, 3, 76, '5', NULL, '2017-02-09 21:37:27', '2017-02-09 21:37:27'),
(473, 29, 10, 3, 77, '5', NULL, '2017-02-09 21:37:27', '2017-02-09 21:37:27'),
(474, 29, 10, 3, 78, '5', NULL, '2017-02-09 21:37:27', '2017-02-09 21:37:27'),
(475, 29, 10, 3, 79, '5', NULL, '2017-02-09 21:37:27', '2017-02-09 21:37:27'),
(476, 29, 10, 3, 80, '5', NULL, '2017-02-09 21:37:27', '2017-02-09 21:37:27'),
(477, 29, 10, 3, 81, '5', NULL, '2017-02-09 21:37:27', '2017-02-09 21:37:27'),
(478, 29, 10, 3, 82, '5', NULL, '2017-02-09 21:37:27', '2017-02-09 21:37:27'),
(479, 29, 10, 3, 83, '5', NULL, '2017-02-09 21:37:27', '2017-02-09 21:37:27'),
(480, 29, 10, 3, 84, '5', NULL, '2017-02-09 21:37:27', '2017-02-09 21:37:27'),
(481, 29, 10, 3, 85, '5', NULL, '2017-02-09 21:37:27', '2017-02-09 21:37:27'),
(482, 29, 10, 3, 86, '5', NULL, '2017-02-09 21:37:27', '2017-02-09 21:37:27'),
(483, 29, 10, 3, 87, '5', NULL, '2017-02-09 21:37:27', '2017-02-09 21:37:27'),
(484, 29, 10, 3, 88, '5', NULL, '2017-02-09 21:37:27', '2017-02-09 21:37:27'),
(485, 29, 10, 3, 89, '5', NULL, '2017-02-09 21:37:27', '2017-02-09 21:37:27'),
(486, 29, 10, 3, 90, '5', NULL, '2017-02-09 21:37:28', '2017-02-09 21:37:28'),
(487, 29, 10, 3, 91, '5', NULL, '2017-02-09 21:37:28', '2017-02-09 21:37:28'),
(488, 29, 10, 3, 92, '5', NULL, '2017-02-09 21:37:28', '2017-02-09 21:37:28'),
(489, 29, 10, 3, 93, '5', NULL, '2017-02-09 21:37:28', '2017-02-09 21:37:28'),
(490, 29, 10, 3, 94, '5', NULL, '2017-02-09 21:37:28', '2017-02-09 21:37:28'),
(491, 29, 10, 3, 95, '5', NULL, '2017-02-09 21:37:28', '2017-02-09 21:37:28'),
(492, 29, 10, 3, 97, '5', NULL, '2017-02-09 21:37:28', '2017-02-09 21:37:28'),
(493, 30, 7, 3, 39, '1', NULL, '2017-02-09 21:39:08', '2017-02-09 21:39:08'),
(494, 30, 7, 3, 40, '1', NULL, '2017-02-09 21:39:08', '2017-02-09 21:39:08'),
(495, 30, 7, 3, 41, '1', NULL, '2017-02-09 21:39:08', '2017-02-09 21:39:08'),
(496, 30, 7, 3, 42, '1', NULL, '2017-02-09 21:39:08', '2017-02-09 21:39:08'),
(497, 30, 7, 3, 43, '1', NULL, '2017-02-09 21:39:08', '2017-02-09 21:39:08'),
(498, 30, 7, 3, 44, '1', NULL, '2017-02-09 21:39:08', '2017-02-09 21:39:08'),
(499, 30, 7, 3, 45, '2', NULL, '2017-02-09 21:39:08', '2017-02-09 21:39:08'),
(500, 30, 10, 3, 74, 'García Del Río, Víctor Manuel', 'García Del Río, Víctor Manuel', '2017-02-09 21:47:27', '2017-02-09 21:47:27'),
(501, 30, 10, 3, 75, '4', 'García Del Río, Víctor Manuel', '2017-02-09 21:47:27', '2017-02-09 21:47:27'),
(502, 30, 10, 3, 76, '4', 'García Del Río, Víctor Manuel', '2017-02-09 21:47:27', '2017-02-09 21:47:27'),
(503, 30, 10, 3, 77, '5', 'García Del Río, Víctor Manuel', '2017-02-09 21:47:27', '2017-02-09 21:47:27'),
(504, 30, 10, 3, 78, '5', 'García Del Río, Víctor Manuel', '2017-02-09 21:47:27', '2017-02-09 21:47:27'),
(505, 30, 10, 3, 79, '5', 'García Del Río, Víctor Manuel', '2017-02-09 21:47:27', '2017-02-09 21:47:27'),
(506, 30, 10, 3, 80, '5', 'García Del Río, Víctor Manuel', '2017-02-09 21:47:27', '2017-02-09 21:47:27'),
(507, 30, 10, 3, 81, '5', 'García Del Río, Víctor Manuel', '2017-02-09 21:47:27', '2017-02-09 21:47:27'),
(508, 30, 10, 3, 82, '5', 'García Del Río, Víctor Manuel', '2017-02-09 21:47:27', '2017-02-09 21:47:27'),
(509, 30, 10, 3, 83, '5', 'García Del Río, Víctor Manuel', '2017-02-09 21:47:27', '2017-02-09 21:47:27'),
(510, 30, 10, 3, 84, '5', 'García Del Río, Víctor Manuel', '2017-02-09 21:47:27', '2017-02-09 21:47:27'),
(511, 30, 10, 3, 85, '4', 'García Del Río, Víctor Manuel', '2017-02-09 21:47:27', '2017-02-09 21:47:27'),
(512, 30, 10, 3, 86, '5', 'García Del Río, Víctor Manuel', '2017-02-09 21:47:27', '2017-02-09 21:47:27'),
(513, 30, 10, 3, 87, '4', 'García Del Río, Víctor Manuel', '2017-02-09 21:47:27', '2017-02-09 21:47:27'),
(514, 30, 10, 3, 88, '5', 'García Del Río, Víctor Manuel', '2017-02-09 21:47:27', '2017-02-09 21:47:27'),
(515, 30, 10, 3, 89, '5', 'García Del Río, Víctor Manuel', '2017-02-09 21:47:27', '2017-02-09 21:47:27'),
(516, 30, 10, 3, 90, '4', 'García Del Río, Víctor Manuel', '2017-02-09 21:47:27', '2017-02-09 21:47:27'),
(517, 30, 10, 3, 91, '3', 'García Del Río, Víctor Manuel', '2017-02-09 21:47:27', '2017-02-09 21:47:27'),
(518, 30, 10, 3, 92, '3', 'García Del Río, Víctor Manuel', '2017-02-09 21:47:27', '2017-02-09 21:47:27'),
(519, 30, 10, 3, 93, '5', 'García Del Río, Víctor Manuel', '2017-02-09 21:47:27', '2017-02-09 21:47:27'),
(520, 30, 10, 3, 94, '5', 'García Del Río, Víctor Manuel', '2017-02-09 21:47:27', '2017-02-09 21:47:27'),
(521, 30, 10, 3, 95, '5', 'García Del Río, Víctor Manuel', '2017-02-09 21:47:27', '2017-02-09 21:47:27'),
(522, 30, 10, 3, 97, '5', 'García Del Río, Víctor Manuel', '2017-02-09 21:47:27', '2017-02-09 21:47:27'),
(523, 31, 7, 3, 39, '7', NULL, '2017-02-09 21:58:12', '2017-02-09 21:58:12'),
(524, 31, 7, 3, 40, '7', NULL, '2017-02-09 21:58:12', '2017-02-09 21:58:12'),
(525, 31, 7, 3, 41, '7', NULL, '2017-02-09 21:58:12', '2017-02-09 21:58:12'),
(526, 31, 7, 3, 42, '7', NULL, '2017-02-09 21:58:12', '2017-02-09 21:58:12'),
(527, 31, 7, 3, 43, '7', NULL, '2017-02-09 21:58:12', '2017-02-09 21:58:12'),
(528, 31, 7, 3, 44, '7', NULL, '2017-02-09 21:58:12', '2017-02-09 21:58:12'),
(529, 31, 7, 3, 45, '3', NULL, '2017-02-09 21:58:12', '2017-02-09 21:58:12'),
(530, 31, 10, 3, 74, 'Alvarado González, Sandra Luz', '1', '2017-02-09 21:58:37', '2017-02-09 21:58:37'),
(531, 31, 10, 3, 75, '3', '1', '2017-02-09 21:58:38', '2017-02-09 21:58:38'),
(532, 31, 10, 3, 76, '3', '1', '2017-02-09 21:58:38', '2017-02-09 21:58:38'),
(533, 31, 10, 3, 77, '5', '1', '2017-02-09 21:58:38', '2017-02-09 21:58:38'),
(534, 31, 10, 3, 78, '5', '1', '2017-02-09 21:58:38', '2017-02-09 21:58:38'),
(535, 31, 10, 3, 79, '4', '1', '2017-02-09 21:58:38', '2017-02-09 21:58:38'),
(536, 31, 10, 3, 80, '4', '1', '2017-02-09 21:58:38', '2017-02-09 21:58:38'),
(537, 31, 10, 3, 81, '4', '1', '2017-02-09 21:58:38', '2017-02-09 21:58:38'),
(538, 31, 10, 3, 82, '4', '1', '2017-02-09 21:58:38', '2017-02-09 21:58:38'),
(539, 31, 10, 3, 83, '4', '1', '2017-02-09 21:58:38', '2017-02-09 21:58:38'),
(540, 31, 10, 3, 84, '4', '1', '2017-02-09 21:58:38', '2017-02-09 21:58:38'),
(541, 31, 10, 3, 85, '4', '1', '2017-02-09 21:58:38', '2017-02-09 21:58:38'),
(542, 31, 10, 3, 86, '4', '1', '2017-02-09 21:58:38', '2017-02-09 21:58:38'),
(543, 31, 10, 3, 87, '4', '1', '2017-02-09 21:58:38', '2017-02-09 21:58:38'),
(544, 31, 10, 3, 88, '4', '1', '2017-02-09 21:58:38', '2017-02-09 21:58:38'),
(545, 31, 10, 3, 89, '4', '1', '2017-02-09 21:58:38', '2017-02-09 21:58:38'),
(546, 31, 10, 3, 90, '4', '1', '2017-02-09 21:58:38', '2017-02-09 21:58:38'),
(547, 31, 10, 3, 91, '4', '1', '2017-02-09 21:58:38', '2017-02-09 21:58:38'),
(548, 31, 10, 3, 92, '4', '1', '2017-02-09 21:58:38', '2017-02-09 21:58:38'),
(549, 31, 10, 3, 93, '4', '1', '2017-02-09 21:58:38', '2017-02-09 21:58:38'),
(550, 31, 10, 3, 94, '4', '1', '2017-02-09 21:58:38', '2017-02-09 21:58:38'),
(551, 31, 10, 3, 95, '4', '1', '2017-02-09 21:58:38', '2017-02-09 21:58:38'),
(552, 31, 10, 3, 97, '4', '1', '2017-02-09 21:58:38', '2017-02-09 21:58:38'),
(553, 32, 7, 3, 39, '10', NULL, '2017-02-09 22:00:12', '2017-02-09 22:00:12'),
(554, 32, 7, 3, 40, '10', NULL, '2017-02-09 22:00:13', '2017-02-09 22:00:13'),
(555, 32, 7, 3, 41, '10', NULL, '2017-02-09 22:00:13', '2017-02-09 22:00:13'),
(556, 32, 7, 3, 42, '10', NULL, '2017-02-09 22:00:13', '2017-02-09 22:00:13'),
(557, 32, 7, 3, 43, '10', NULL, '2017-02-09 22:00:13', '2017-02-09 22:00:13'),
(558, 32, 7, 3, 44, '9', NULL, '2017-02-09 22:00:13', '2017-02-09 22:00:13'),
(559, 32, 7, 3, 45, '1', NULL, '2017-02-09 22:00:13', '2017-02-09 22:00:13'),
(560, 32, 10, 3, 74, 'Cruz Amaya, María Guadalupe', '41', '2017-02-09 22:00:36', '2017-02-09 22:00:36'),
(561, 32, 10, 3, 75, '5', '41', '2017-02-09 22:00:36', '2017-02-09 22:00:36'),
(562, 32, 10, 3, 76, '5', '41', '2017-02-09 22:00:36', '2017-02-09 22:00:36'),
(563, 32, 10, 3, 77, '5', '41', '2017-02-09 22:00:36', '2017-02-09 22:00:36'),
(564, 32, 10, 3, 78, '4', '41', '2017-02-09 22:00:36', '2017-02-09 22:00:36'),
(565, 32, 10, 3, 79, '4', '41', '2017-02-09 22:00:36', '2017-02-09 22:00:36'),
(566, 32, 10, 3, 80, '5', '41', '2017-02-09 22:00:36', '2017-02-09 22:00:36'),
(567, 32, 10, 3, 81, '4', '41', '2017-02-09 22:00:36', '2017-02-09 22:00:36'),
(568, 32, 10, 3, 82, '4', '41', '2017-02-09 22:00:36', '2017-02-09 22:00:36'),
(569, 32, 10, 3, 83, '4', '41', '2017-02-09 22:00:37', '2017-02-09 22:00:37'),
(570, 32, 10, 3, 84, '4', '41', '2017-02-09 22:00:37', '2017-02-09 22:00:37'),
(571, 32, 10, 3, 85, '4', '41', '2017-02-09 22:00:37', '2017-02-09 22:00:37'),
(572, 32, 10, 3, 86, '4', '41', '2017-02-09 22:00:37', '2017-02-09 22:00:37'),
(573, 32, 10, 3, 87, '4', '41', '2017-02-09 22:00:37', '2017-02-09 22:00:37'),
(574, 32, 10, 3, 88, '4', '41', '2017-02-09 22:00:37', '2017-02-09 22:00:37'),
(575, 32, 10, 3, 89, '4', '41', '2017-02-09 22:00:37', '2017-02-09 22:00:37'),
(576, 32, 10, 3, 90, '3', '41', '2017-02-09 22:00:37', '2017-02-09 22:00:37'),
(577, 32, 10, 3, 91, '4', '41', '2017-02-09 22:00:37', '2017-02-09 22:00:37'),
(578, 32, 10, 3, 92, '4', '41', '2017-02-09 22:00:37', '2017-02-09 22:00:37'),
(579, 32, 10, 3, 93, '4', '41', '2017-02-09 22:00:37', '2017-02-09 22:00:37'),
(580, 32, 10, 3, 94, '4', '41', '2017-02-09 22:00:37', '2017-02-09 22:00:37'),
(581, 32, 10, 3, 95, '5', '41', '2017-02-09 22:00:37', '2017-02-09 22:00:37'),
(582, 32, 10, 3, 97, '4', '41', '2017-02-09 22:00:37', '2017-02-09 22:00:37'),
(583, 32, 11, 3, 98, '5', NULL, '2017-02-09 22:04:27', '2017-02-09 22:04:27'),
(584, 32, 11, 3, 99, '1111', NULL, '2017-02-09 22:04:27', '2017-02-09 22:04:27'),
(585, 32, 11, 3, 100, '5', NULL, '2017-02-09 22:04:27', '2017-02-09 22:04:27'),
(586, 32, 11, 3, 101, '1111', NULL, '2017-02-09 22:04:28', '2017-02-09 22:04:28'),
(587, 32, 11, 3, 102, '4', NULL, '2017-02-09 22:04:28', '2017-02-09 22:04:28'),
(588, 32, 11, 3, 103, '5', NULL, '2017-02-09 22:04:28', '2017-02-09 22:04:28'),
(589, 32, 11, 3, 104, '5', NULL, '2017-02-09 22:04:28', '2017-02-09 22:04:28'),
(590, 32, 11, 3, 105, '5', NULL, '2017-02-09 22:04:28', '2017-02-09 22:04:28'),
(591, 32, 11, 3, 106, '5', NULL, '2017-02-09 22:04:28', '2017-02-09 22:04:28'),
(592, 32, 11, 3, 107, '5', NULL, '2017-02-09 22:04:28', '2017-02-09 22:04:28'),
(593, 32, 11, 3, 108, '4', NULL, '2017-02-09 22:04:28', '2017-02-09 22:04:28'),
(594, 32, 11, 3, 109, '5', NULL, '2017-02-09 22:04:28', '2017-02-09 22:04:28'),
(595, 32, 11, 3, 110, '5', NULL, '2017-02-09 22:04:28', '2017-02-09 22:04:28'),
(596, 32, 11, 3, 111, '5', NULL, '2017-02-09 22:04:28', '2017-02-09 22:04:28'),
(597, 32, 11, 3, 112, '5', NULL, '2017-02-09 22:04:28', '2017-02-09 22:04:28'),
(598, 32, 11, 3, 113, '5', NULL, '2017-02-09 22:04:28', '2017-02-09 22:04:28'),
(599, 32, 11, 3, 114, '5', NULL, '2017-02-09 22:04:28', '2017-02-09 22:04:28'),
(600, 32, 11, 3, 115, '5', NULL, '2017-02-09 22:04:28', '2017-02-09 22:04:28'),
(601, 32, 11, 3, 116, '5', NULL, '2017-02-09 22:04:28', '2017-02-09 22:04:28'),
(602, 32, 11, 3, 117, '5', NULL, '2017-02-09 22:04:28', '2017-02-09 22:04:28'),
(603, 33, 7, 3, 39, '10', NULL, '2017-02-10 17:34:16', '2017-02-10 17:34:16'),
(604, 33, 7, 3, 40, '9', NULL, '2017-02-10 17:34:16', '2017-02-10 17:34:16'),
(605, 33, 7, 3, 41, '10', NULL, '2017-02-10 17:34:16', '2017-02-10 17:34:16'),
(606, 33, 7, 3, 42, '10', NULL, '2017-02-10 17:34:16', '2017-02-10 17:34:16'),
(607, 33, 7, 3, 43, '10', NULL, '2017-02-10 17:34:16', '2017-02-10 17:34:16'),
(608, 33, 7, 3, 44, '10', NULL, '2017-02-10 17:34:16', '2017-02-10 17:34:16'),
(609, 33, 7, 3, 45, '2', NULL, '2017-02-10 17:34:16', '2017-02-10 17:34:16'),
(610, 33, 10, 3, 74, 'Hernandez Martinez, Stephanie Cristina', '29', '2017-02-10 17:34:53', '2017-02-10 17:34:53'),
(611, 33, 10, 3, 75, '1111', '29', '2017-02-10 17:34:53', '2017-02-10 17:34:53'),
(612, 33, 10, 3, 76, '1111', '29', '2017-02-10 17:34:53', '2017-02-10 17:34:53'),
(613, 33, 10, 3, 77, '1111', '29', '2017-02-10 17:34:53', '2017-02-10 17:34:53'),
(614, 33, 10, 3, 78, '1111', '29', '2017-02-10 17:34:53', '2017-02-10 17:34:53'),
(615, 33, 10, 3, 79, '1111', '29', '2017-02-10 17:34:53', '2017-02-10 17:34:53'),
(616, 33, 10, 3, 80, '1111', '29', '2017-02-10 17:34:53', '2017-02-10 17:34:53'),
(617, 33, 10, 3, 81, '1111', '29', '2017-02-10 17:34:53', '2017-02-10 17:34:53'),
(618, 33, 10, 3, 82, '1111', '29', '2017-02-10 17:34:53', '2017-02-10 17:34:53'),
(619, 33, 10, 3, 83, '1111', '29', '2017-02-10 17:34:53', '2017-02-10 17:34:53'),
(620, 33, 10, 3, 84, '1111', '29', '2017-02-10 17:34:53', '2017-02-10 17:34:53'),
(621, 33, 10, 3, 85, '1111', '29', '2017-02-10 17:34:53', '2017-02-10 17:34:53'),
(622, 33, 10, 3, 86, '1111', '29', '2017-02-10 17:34:53', '2017-02-10 17:34:53'),
(623, 33, 10, 3, 87, '1111', '29', '2017-02-10 17:34:53', '2017-02-10 17:34:53'),
(624, 33, 10, 3, 88, '1111', '29', '2017-02-10 17:34:53', '2017-02-10 17:34:53'),
(625, 33, 10, 3, 89, '1111', '29', '2017-02-10 17:34:53', '2017-02-10 17:34:53'),
(626, 33, 10, 3, 90, '1111', '29', '2017-02-10 17:34:53', '2017-02-10 17:34:53'),
(627, 33, 10, 3, 91, '1111', '29', '2017-02-10 17:34:53', '2017-02-10 17:34:53'),
(628, 33, 10, 3, 92, '1111', '29', '2017-02-10 17:34:53', '2017-02-10 17:34:53');
INSERT INTO `answers` (`id`, `user_id`, `section_id`, `survey_id`, `question_id`, `result`, `teacher`, `created_at`, `updated_at`) VALUES
(629, 33, 10, 3, 93, '5', '29', '2017-02-10 17:34:53', '2017-02-10 17:34:53'),
(630, 33, 10, 3, 94, '5', '29', '2017-02-10 17:34:53', '2017-02-10 17:34:53'),
(631, 33, 10, 3, 95, '5', '29', '2017-02-10 17:34:53', '2017-02-10 17:34:53'),
(632, 33, 10, 3, 97, '5', '29', '2017-02-10 17:34:53', '2017-02-10 17:34:53'),
(633, 34, 7, 3, 39, '9', NULL, '2017-02-10 17:36:13', '2017-02-10 17:36:13'),
(634, 34, 7, 3, 40, '7', NULL, '2017-02-10 17:36:13', '2017-02-10 17:36:13'),
(635, 34, 7, 3, 41, '6', NULL, '2017-02-10 17:36:13', '2017-02-10 17:36:13'),
(636, 34, 7, 3, 42, '5', NULL, '2017-02-10 17:36:13', '2017-02-10 17:36:13'),
(637, 34, 7, 3, 43, '5', NULL, '2017-02-10 17:36:13', '2017-02-10 17:36:13'),
(638, 34, 7, 3, 44, '4', NULL, '2017-02-10 17:36:13', '2017-02-10 17:36:13'),
(639, 34, 7, 3, 45, '2', NULL, '2017-02-10 17:36:13', '2017-02-10 17:36:13'),
(640, 34, 10, 3, 74, 'Ortega Palomo, Francisco Javier', '33', '2017-02-10 17:36:34', '2017-02-10 17:36:34'),
(641, 34, 10, 3, 75, '5', '33', '2017-02-10 17:36:34', '2017-02-10 17:36:34'),
(642, 34, 10, 3, 76, '4', '33', '2017-02-10 17:36:34', '2017-02-10 17:36:34'),
(643, 34, 10, 3, 77, '4', '33', '2017-02-10 17:36:34', '2017-02-10 17:36:34'),
(644, 34, 10, 3, 78, '5', '33', '2017-02-10 17:36:34', '2017-02-10 17:36:34'),
(645, 34, 10, 3, 79, '4', '33', '2017-02-10 17:36:34', '2017-02-10 17:36:34'),
(646, 34, 10, 3, 80, '4', '33', '2017-02-10 17:36:34', '2017-02-10 17:36:34'),
(647, 34, 10, 3, 81, '4', '33', '2017-02-10 17:36:34', '2017-02-10 17:36:34'),
(648, 34, 10, 3, 82, '5', '33', '2017-02-10 17:36:34', '2017-02-10 17:36:34'),
(649, 34, 10, 3, 83, '5', '33', '2017-02-10 17:36:34', '2017-02-10 17:36:34'),
(650, 34, 10, 3, 84, '5', '33', '2017-02-10 17:36:34', '2017-02-10 17:36:34'),
(651, 34, 10, 3, 85, '5', '33', '2017-02-10 17:36:34', '2017-02-10 17:36:34'),
(652, 34, 10, 3, 86, '5', '33', '2017-02-10 17:36:34', '2017-02-10 17:36:34'),
(653, 34, 10, 3, 87, '5', '33', '2017-02-10 17:36:34', '2017-02-10 17:36:34'),
(654, 34, 10, 3, 88, '5', '33', '2017-02-10 17:36:34', '2017-02-10 17:36:34'),
(655, 34, 10, 3, 89, '5', '33', '2017-02-10 17:36:34', '2017-02-10 17:36:34'),
(656, 34, 10, 3, 90, '4', '33', '2017-02-10 17:36:34', '2017-02-10 17:36:34'),
(657, 34, 10, 3, 91, '5', '33', '2017-02-10 17:36:34', '2017-02-10 17:36:34'),
(658, 34, 10, 3, 92, '5', '33', '2017-02-10 17:36:34', '2017-02-10 17:36:34'),
(659, 34, 10, 3, 93, '4', '33', '2017-02-10 17:36:34', '2017-02-10 17:36:34'),
(660, 34, 10, 3, 94, '5', '33', '2017-02-10 17:36:34', '2017-02-10 17:36:34'),
(661, 34, 10, 3, 95, '5', '33', '2017-02-10 17:36:34', '2017-02-10 17:36:34'),
(662, 34, 10, 3, 97, '5', '33', '2017-02-10 17:36:34', '2017-02-10 17:36:34'),
(663, 35, 7, 3, 39, '9', NULL, '2017-02-10 18:10:54', '2017-02-10 18:10:54'),
(664, 35, 7, 3, 40, '10', NULL, '2017-02-10 18:10:54', '2017-02-10 18:10:54'),
(665, 35, 7, 3, 41, '10', NULL, '2017-02-10 18:10:54', '2017-02-10 18:10:54'),
(666, 35, 7, 3, 42, '10', NULL, '2017-02-10 18:10:54', '2017-02-10 18:10:54'),
(667, 35, 7, 3, 43, '10', NULL, '2017-02-10 18:10:54', '2017-02-10 18:10:54'),
(668, 35, 7, 3, 44, '9', NULL, '2017-02-10 18:10:54', '2017-02-10 18:10:54'),
(669, 35, 7, 3, 45, '1', NULL, '2017-02-10 18:10:54', '2017-02-10 18:10:54'),
(670, 35, 10, 3, 74, 'Andrade Garza, José De Jesús', '2', '2017-02-10 18:13:17', '2017-02-10 18:13:17'),
(671, 35, 10, 3, 75, '4', '2', '2017-02-10 18:13:17', '2017-02-10 18:13:17'),
(672, 35, 10, 3, 76, '4', '2', '2017-02-10 18:13:17', '2017-02-10 18:13:17'),
(673, 35, 10, 3, 77, '1111', '2', '2017-02-10 18:13:17', '2017-02-10 18:13:17'),
(674, 35, 10, 3, 78, '1111', '2', '2017-02-10 18:13:17', '2017-02-10 18:13:17'),
(675, 35, 10, 3, 79, '1111', '2', '2017-02-10 18:13:17', '2017-02-10 18:13:17'),
(676, 35, 10, 3, 80, '1111', '2', '2017-02-10 18:13:17', '2017-02-10 18:13:17'),
(677, 35, 10, 3, 81, '1111', '2', '2017-02-10 18:13:17', '2017-02-10 18:13:17'),
(678, 35, 10, 3, 82, '1111', '2', '2017-02-10 18:13:17', '2017-02-10 18:13:17'),
(679, 35, 10, 3, 83, '1111', '2', '2017-02-10 18:13:17', '2017-02-10 18:13:17'),
(680, 35, 10, 3, 84, '1111', '2', '2017-02-10 18:13:17', '2017-02-10 18:13:17'),
(681, 35, 10, 3, 85, '1111', '2', '2017-02-10 18:13:17', '2017-02-10 18:13:17'),
(682, 35, 10, 3, 86, '1111', '2', '2017-02-10 18:13:17', '2017-02-10 18:13:17'),
(683, 35, 10, 3, 87, '1111', '2', '2017-02-10 18:13:17', '2017-02-10 18:13:17'),
(684, 35, 10, 3, 88, '1111', '2', '2017-02-10 18:13:17', '2017-02-10 18:13:17'),
(685, 35, 10, 3, 89, '1111', '2', '2017-02-10 18:13:17', '2017-02-10 18:13:17'),
(686, 35, 10, 3, 90, '5', '2', '2017-02-10 18:13:18', '2017-02-10 18:13:18'),
(687, 35, 10, 3, 91, '1111', '2', '2017-02-10 18:13:18', '2017-02-10 18:13:18'),
(688, 35, 10, 3, 92, '4', '2', '2017-02-10 18:13:18', '2017-02-10 18:13:18'),
(689, 35, 10, 3, 93, '5', '2', '2017-02-10 18:13:18', '2017-02-10 18:13:18'),
(690, 35, 10, 3, 94, '5', '2', '2017-02-10 18:13:18', '2017-02-10 18:13:18'),
(691, 35, 10, 3, 95, '4', '2', '2017-02-10 18:13:18', '2017-02-10 18:13:18'),
(692, 35, 10, 3, 97, '4', '2', '2017-02-10 18:13:18', '2017-02-10 18:13:18'),
(693, 36, 7, 3, 39, '5', NULL, '2017-02-10 18:15:02', '2017-02-10 18:15:02'),
(694, 36, 7, 3, 40, '6', NULL, '2017-02-10 18:15:02', '2017-02-10 18:15:02'),
(695, 36, 7, 3, 41, '6', NULL, '2017-02-10 18:15:02', '2017-02-10 18:15:02'),
(696, 36, 7, 3, 42, '7', NULL, '2017-02-10 18:15:03', '2017-02-10 18:15:03'),
(697, 36, 7, 3, 43, '7', NULL, '2017-02-10 18:15:03', '2017-02-10 18:15:03'),
(698, 36, 7, 3, 44, '6', NULL, '2017-02-10 18:15:03', '2017-02-10 18:15:03'),
(699, 36, 7, 3, 45, '4', NULL, '2017-02-10 18:15:03', '2017-02-10 18:15:03'),
(700, 36, 10, 3, 74, 'Flores, Iza Nelly', '25', '2017-02-10 18:15:26', '2017-02-10 18:15:26'),
(701, 36, 10, 3, 75, '5', '25', '2017-02-10 18:15:26', '2017-02-10 18:15:26'),
(702, 36, 10, 3, 76, '5', '25', '2017-02-10 18:15:26', '2017-02-10 18:15:26'),
(703, 36, 10, 3, 77, '4', '25', '2017-02-10 18:15:26', '2017-02-10 18:15:26'),
(704, 36, 10, 3, 78, '1', '25', '2017-02-10 18:15:26', '2017-02-10 18:15:26'),
(705, 36, 10, 3, 79, '1', '25', '2017-02-10 18:15:26', '2017-02-10 18:15:26'),
(706, 36, 10, 3, 80, '2', '25', '2017-02-10 18:15:26', '2017-02-10 18:15:26'),
(707, 36, 10, 3, 81, '5', '25', '2017-02-10 18:15:26', '2017-02-10 18:15:26'),
(708, 36, 10, 3, 82, '3', '25', '2017-02-10 18:15:26', '2017-02-10 18:15:26'),
(709, 36, 10, 3, 83, '4', '25', '2017-02-10 18:15:26', '2017-02-10 18:15:26'),
(710, 36, 10, 3, 84, '5', '25', '2017-02-10 18:15:26', '2017-02-10 18:15:26'),
(711, 36, 10, 3, 85, '4', '25', '2017-02-10 18:15:26', '2017-02-10 18:15:26'),
(712, 36, 10, 3, 86, '4', '25', '2017-02-10 18:15:26', '2017-02-10 18:15:26'),
(713, 36, 10, 3, 87, '5', '25', '2017-02-10 18:15:26', '2017-02-10 18:15:26'),
(714, 36, 10, 3, 88, '5', '25', '2017-02-10 18:15:26', '2017-02-10 18:15:26'),
(715, 36, 10, 3, 89, '5', '25', '2017-02-10 18:15:26', '2017-02-10 18:15:26'),
(716, 36, 10, 3, 90, '1111', '25', '2017-02-10 18:15:26', '2017-02-10 18:15:26'),
(717, 36, 10, 3, 91, '4', '25', '2017-02-10 18:15:27', '2017-02-10 18:15:27'),
(718, 36, 10, 3, 92, '1111', '25', '2017-02-10 18:15:27', '2017-02-10 18:15:27'),
(719, 36, 10, 3, 93, '1111', '25', '2017-02-10 18:15:27', '2017-02-10 18:15:27'),
(720, 36, 10, 3, 94, '1111', '25', '2017-02-10 18:15:27', '2017-02-10 18:15:27'),
(721, 36, 10, 3, 95, '1111', '25', '2017-02-10 18:15:27', '2017-02-10 18:15:27'),
(722, 36, 10, 3, 97, '1111', '25', '2017-02-10 18:15:27', '2017-02-10 18:15:27'),
(723, 37, 7, 3, 39, '10', NULL, '2017-02-10 18:17:51', '2017-02-10 18:17:51'),
(724, 37, 7, 3, 40, '10', NULL, '2017-02-10 18:17:51', '2017-02-10 18:17:51'),
(725, 37, 7, 3, 41, '10', NULL, '2017-02-10 18:17:51', '2017-02-10 18:17:51'),
(726, 37, 7, 3, 42, '10', NULL, '2017-02-10 18:17:51', '2017-02-10 18:17:51'),
(727, 37, 7, 3, 43, '10', NULL, '2017-02-10 18:17:51', '2017-02-10 18:17:51'),
(728, 37, 7, 3, 44, '10', NULL, '2017-02-10 18:17:51', '2017-02-10 18:17:51'),
(729, 37, 7, 3, 45, '2', NULL, '2017-02-10 18:17:51', '2017-02-10 18:17:51'),
(730, 37, 10, 3, 74, 'García Rodríguez, Andrea Catalina', '7', '2017-02-10 18:18:18', '2017-02-10 18:18:18'),
(731, 37, 10, 3, 75, '4', '7', '2017-02-10 18:18:18', '2017-02-10 18:18:18'),
(732, 37, 10, 3, 76, '3', '7', '2017-02-10 18:18:18', '2017-02-10 18:18:18'),
(733, 37, 10, 3, 77, '1', '7', '2017-02-10 18:18:18', '2017-02-10 18:18:18'),
(734, 37, 10, 3, 78, '1', '7', '2017-02-10 18:18:18', '2017-02-10 18:18:18'),
(735, 37, 10, 3, 79, '1', '7', '2017-02-10 18:18:18', '2017-02-10 18:18:18'),
(736, 37, 10, 3, 80, '1', '7', '2017-02-10 18:18:18', '2017-02-10 18:18:18'),
(737, 37, 10, 3, 81, '1', '7', '2017-02-10 18:18:18', '2017-02-10 18:18:18'),
(738, 37, 10, 3, 82, '1', '7', '2017-02-10 18:18:18', '2017-02-10 18:18:18'),
(739, 37, 10, 3, 83, '1', '7', '2017-02-10 18:18:18', '2017-02-10 18:18:18'),
(740, 37, 10, 3, 84, '1', '7', '2017-02-10 18:18:18', '2017-02-10 18:18:18'),
(741, 37, 10, 3, 85, '1', '7', '2017-02-10 18:18:18', '2017-02-10 18:18:18'),
(742, 37, 10, 3, 86, '2', '7', '2017-02-10 18:18:18', '2017-02-10 18:18:18'),
(743, 37, 10, 3, 87, '3', '7', '2017-02-10 18:18:19', '2017-02-10 18:18:19'),
(744, 37, 10, 3, 88, '2', '7', '2017-02-10 18:18:19', '2017-02-10 18:18:19'),
(745, 37, 10, 3, 89, '3', '7', '2017-02-10 18:18:19', '2017-02-10 18:18:19'),
(746, 37, 10, 3, 90, '2', '7', '2017-02-10 18:18:19', '2017-02-10 18:18:19'),
(747, 37, 10, 3, 91, '2', '7', '2017-02-10 18:18:19', '2017-02-10 18:18:19'),
(748, 37, 10, 3, 92, '2', '7', '2017-02-10 18:18:19', '2017-02-10 18:18:19'),
(749, 37, 10, 3, 93, '2', '7', '2017-02-10 18:18:19', '2017-02-10 18:18:19'),
(750, 37, 10, 3, 94, '2', '7', '2017-02-10 18:18:19', '2017-02-10 18:18:19'),
(751, 37, 10, 3, 95, '3', '7', '2017-02-10 18:18:19', '2017-02-10 18:18:19'),
(752, 37, 10, 3, 97, '4', '7', '2017-02-10 18:18:19', '2017-02-10 18:18:19'),
(753, 38, 7, 3, 39, '6', NULL, '2017-02-10 18:20:07', '2017-02-10 18:20:07'),
(754, 38, 7, 3, 40, '6', NULL, '2017-02-10 18:20:07', '2017-02-10 18:20:07'),
(755, 38, 7, 3, 41, '8', NULL, '2017-02-10 18:20:07', '2017-02-10 18:20:07'),
(756, 38, 7, 3, 42, '8', NULL, '2017-02-10 18:20:07', '2017-02-10 18:20:07'),
(757, 38, 7, 3, 43, '8', NULL, '2017-02-10 18:20:07', '2017-02-10 18:20:07'),
(758, 38, 7, 3, 44, '7', NULL, '2017-02-10 18:20:07', '2017-02-10 18:20:07'),
(759, 38, 7, 3, 45, '2', NULL, '2017-02-10 18:20:07', '2017-02-10 18:20:07'),
(760, 38, 10, 3, 74, 'Treviño Hinojosa, Ana María', '17', '2017-02-10 18:20:27', '2017-02-10 18:20:27'),
(761, 38, 10, 3, 75, '5', '17', '2017-02-10 18:20:27', '2017-02-10 18:20:27'),
(762, 38, 10, 3, 76, '4', '17', '2017-02-10 18:20:27', '2017-02-10 18:20:27'),
(763, 38, 10, 3, 77, '4', '17', '2017-02-10 18:20:27', '2017-02-10 18:20:27'),
(764, 38, 10, 3, 78, '4', '17', '2017-02-10 18:20:27', '2017-02-10 18:20:27'),
(765, 38, 10, 3, 79, '4', '17', '2017-02-10 18:20:27', '2017-02-10 18:20:27'),
(766, 38, 10, 3, 80, '4', '17', '2017-02-10 18:20:27', '2017-02-10 18:20:27'),
(767, 38, 10, 3, 81, '4', '17', '2017-02-10 18:20:27', '2017-02-10 18:20:27'),
(768, 38, 10, 3, 82, '4', '17', '2017-02-10 18:20:27', '2017-02-10 18:20:27'),
(769, 38, 10, 3, 83, '4', '17', '2017-02-10 18:20:27', '2017-02-10 18:20:27'),
(770, 38, 10, 3, 84, '4', '17', '2017-02-10 18:20:27', '2017-02-10 18:20:27'),
(771, 38, 10, 3, 85, '4', '17', '2017-02-10 18:20:27', '2017-02-10 18:20:27'),
(772, 38, 10, 3, 86, '4', '17', '2017-02-10 18:20:27', '2017-02-10 18:20:27'),
(773, 38, 10, 3, 87, '4', '17', '2017-02-10 18:20:27', '2017-02-10 18:20:27'),
(774, 38, 10, 3, 88, '4', '17', '2017-02-10 18:20:27', '2017-02-10 18:20:27'),
(775, 38, 10, 3, 89, '4', '17', '2017-02-10 18:20:27', '2017-02-10 18:20:27'),
(776, 38, 10, 3, 90, '4', '17', '2017-02-10 18:20:27', '2017-02-10 18:20:27'),
(777, 38, 10, 3, 91, '4', '17', '2017-02-10 18:20:27', '2017-02-10 18:20:27'),
(778, 38, 10, 3, 92, '4', '17', '2017-02-10 18:20:27', '2017-02-10 18:20:27'),
(779, 38, 10, 3, 93, '4', '17', '2017-02-10 18:20:27', '2017-02-10 18:20:27'),
(780, 38, 10, 3, 94, '4', '17', '2017-02-10 18:20:27', '2017-02-10 18:20:27'),
(781, 38, 10, 3, 95, '4', '17', '2017-02-10 18:20:27', '2017-02-10 18:20:27'),
(782, 38, 10, 3, 97, '4', '17', '2017-02-10 18:20:27', '2017-02-10 18:20:27'),
(783, 39, 7, 3, 39, '10', NULL, '2017-02-10 18:20:51', '2017-02-10 18:20:51'),
(784, 39, 7, 3, 40, '10', NULL, '2017-02-10 18:20:51', '2017-02-10 18:20:51'),
(785, 39, 7, 3, 41, '9', NULL, '2017-02-10 18:20:51', '2017-02-10 18:20:51'),
(786, 39, 7, 3, 42, '9', NULL, '2017-02-10 18:20:51', '2017-02-10 18:20:51'),
(787, 39, 7, 3, 43, '10', NULL, '2017-02-10 18:20:51', '2017-02-10 18:20:51'),
(788, 39, 7, 3, 44, '10', NULL, '2017-02-10 18:20:51', '2017-02-10 18:20:51'),
(789, 39, 7, 3, 45, '3', NULL, '2017-02-10 18:20:51', '2017-02-10 18:20:51'),
(790, 39, 10, 3, 74, 'Andrade Garza, José De Jesús', '2', '2017-02-10 18:22:18', '2017-02-10 18:22:18'),
(791, 39, 10, 3, 75, '5', '2', '2017-02-10 18:22:18', '2017-02-10 18:22:18'),
(792, 39, 10, 3, 76, '5', '2', '2017-02-10 18:22:18', '2017-02-10 18:22:18'),
(793, 39, 10, 3, 77, '5', '2', '2017-02-10 18:22:18', '2017-02-10 18:22:18'),
(794, 39, 10, 3, 78, '5', '2', '2017-02-10 18:22:18', '2017-02-10 18:22:18'),
(795, 39, 10, 3, 79, '5', '2', '2017-02-10 18:22:18', '2017-02-10 18:22:18'),
(796, 39, 10, 3, 80, '1111', '2', '2017-02-10 18:22:18', '2017-02-10 18:22:18'),
(797, 39, 10, 3, 81, '1111', '2', '2017-02-10 18:22:18', '2017-02-10 18:22:18'),
(798, 39, 10, 3, 82, '1111', '2', '2017-02-10 18:22:18', '2017-02-10 18:22:18'),
(799, 39, 10, 3, 83, '1111', '2', '2017-02-10 18:22:18', '2017-02-10 18:22:18'),
(800, 39, 10, 3, 84, '1111', '2', '2017-02-10 18:22:18', '2017-02-10 18:22:18'),
(801, 39, 10, 3, 85, '1111', '2', '2017-02-10 18:22:18', '2017-02-10 18:22:18'),
(802, 39, 10, 3, 86, '1111', '2', '2017-02-10 18:22:18', '2017-02-10 18:22:18'),
(803, 39, 10, 3, 87, '1111', '2', '2017-02-10 18:22:18', '2017-02-10 18:22:18'),
(804, 39, 10, 3, 88, '1111', '2', '2017-02-10 18:22:18', '2017-02-10 18:22:18'),
(805, 39, 10, 3, 89, '1111', '2', '2017-02-10 18:22:18', '2017-02-10 18:22:18'),
(806, 39, 10, 3, 90, '1111', '2', '2017-02-10 18:22:18', '2017-02-10 18:22:18'),
(807, 39, 10, 3, 91, '4', '2', '2017-02-10 18:22:18', '2017-02-10 18:22:18'),
(808, 39, 10, 3, 92, '5', '2', '2017-02-10 18:22:18', '2017-02-10 18:22:18'),
(809, 39, 10, 3, 93, '5', '2', '2017-02-10 18:22:18', '2017-02-10 18:22:18'),
(810, 39, 10, 3, 94, '5', '2', '2017-02-10 18:22:18', '2017-02-10 18:22:18'),
(811, 39, 10, 3, 95, '5', '2', '2017-02-10 18:22:18', '2017-02-10 18:22:18'),
(812, 39, 10, 3, 97, '5', '2', '2017-02-10 18:22:18', '2017-02-10 18:22:18'),
(813, 40, 7, 3, 39, '10', NULL, '2017-02-10 18:23:59', '2017-02-10 18:23:59'),
(814, 40, 7, 3, 40, '10', NULL, '2017-02-10 18:23:59', '2017-02-10 18:23:59'),
(815, 40, 7, 3, 41, '10', NULL, '2017-02-10 18:23:59', '2017-02-10 18:23:59'),
(816, 40, 7, 3, 42, '10', NULL, '2017-02-10 18:23:59', '2017-02-10 18:23:59'),
(817, 40, 7, 3, 43, '10', NULL, '2017-02-10 18:23:59', '2017-02-10 18:23:59'),
(818, 40, 7, 3, 44, '10', NULL, '2017-02-10 18:23:59', '2017-02-10 18:23:59'),
(819, 40, 7, 3, 45, '2', NULL, '2017-02-10 18:23:59', '2017-02-10 18:23:59'),
(820, 40, 10, 3, 74, 'Esmeralda Hernández, María Luisa', '22', '2017-02-10 18:24:22', '2017-02-10 18:24:22'),
(821, 40, 10, 3, 75, '4', '22', '2017-02-10 18:24:22', '2017-02-10 18:24:22'),
(822, 40, 10, 3, 76, '4', '22', '2017-02-10 18:24:22', '2017-02-10 18:24:22'),
(823, 40, 10, 3, 77, '1', '22', '2017-02-10 18:24:22', '2017-02-10 18:24:22'),
(824, 40, 10, 3, 78, '1', '22', '2017-02-10 18:24:22', '2017-02-10 18:24:22'),
(825, 40, 10, 3, 79, '1', '22', '2017-02-10 18:24:22', '2017-02-10 18:24:22'),
(826, 40, 10, 3, 80, '1', '22', '2017-02-10 18:24:22', '2017-02-10 18:24:22'),
(827, 40, 10, 3, 81, '1', '22', '2017-02-10 18:24:22', '2017-02-10 18:24:22'),
(828, 40, 10, 3, 82, '1', '22', '2017-02-10 18:24:22', '2017-02-10 18:24:22'),
(829, 40, 10, 3, 83, '1', '22', '2017-02-10 18:24:22', '2017-02-10 18:24:22'),
(830, 40, 10, 3, 84, '2', '22', '2017-02-10 18:24:22', '2017-02-10 18:24:22'),
(831, 40, 10, 3, 85, '2', '22', '2017-02-10 18:24:22', '2017-02-10 18:24:22'),
(832, 40, 10, 3, 86, '4', '22', '2017-02-10 18:24:23', '2017-02-10 18:24:23'),
(833, 40, 10, 3, 87, '5', '22', '2017-02-10 18:24:23', '2017-02-10 18:24:23'),
(834, 40, 10, 3, 88, '5', '22', '2017-02-10 18:24:23', '2017-02-10 18:24:23'),
(835, 40, 10, 3, 89, '5', '22', '2017-02-10 18:24:23', '2017-02-10 18:24:23'),
(836, 40, 10, 3, 90, '5', '22', '2017-02-10 18:24:23', '2017-02-10 18:24:23'),
(837, 40, 10, 3, 91, '5', '22', '2017-02-10 18:24:23', '2017-02-10 18:24:23'),
(838, 40, 10, 3, 92, '5', '22', '2017-02-10 18:24:23', '2017-02-10 18:24:23'),
(839, 40, 10, 3, 93, '5', '22', '2017-02-10 18:24:23', '2017-02-10 18:24:23'),
(840, 40, 10, 3, 94, '5', '22', '2017-02-10 18:24:23', '2017-02-10 18:24:23'),
(841, 40, 10, 3, 95, '5', '22', '2017-02-10 18:24:23', '2017-02-10 18:24:23'),
(842, 40, 10, 3, 97, '5', '22', '2017-02-10 18:24:23', '2017-02-10 18:24:23'),
(843, 41, 7, 3, 39, '8', NULL, '2017-02-10 18:46:12', '2017-02-10 18:46:12'),
(844, 41, 7, 3, 40, '8', NULL, '2017-02-10 18:46:12', '2017-02-10 18:46:12'),
(845, 41, 7, 3, 41, '9', NULL, '2017-02-10 18:46:12', '2017-02-10 18:46:12'),
(846, 41, 7, 3, 42, '7', NULL, '2017-02-10 18:46:12', '2017-02-10 18:46:12'),
(847, 41, 7, 3, 43, '7', NULL, '2017-02-10 18:46:12', '2017-02-10 18:46:12'),
(848, 41, 7, 3, 44, '7', NULL, '2017-02-10 18:46:12', '2017-02-10 18:46:12'),
(849, 41, 7, 3, 45, '2', NULL, '2017-02-10 18:46:12', '2017-02-10 18:46:12'),
(850, 41, 10, 3, 74, 'Mayorga Morales, Yilenia Lizeth', '8', '2017-02-10 18:46:40', '2017-02-10 18:46:40'),
(851, 41, 10, 3, 75, '4', '8', '2017-02-10 18:46:40', '2017-02-10 18:46:40'),
(852, 41, 10, 3, 76, '4', '8', '2017-02-10 18:46:40', '2017-02-10 18:46:40'),
(853, 41, 10, 3, 77, '5', '8', '2017-02-10 18:46:40', '2017-02-10 18:46:40'),
(854, 41, 10, 3, 78, '4', '8', '2017-02-10 18:46:40', '2017-02-10 18:46:40'),
(855, 41, 10, 3, 79, '5', '8', '2017-02-10 18:46:40', '2017-02-10 18:46:40'),
(856, 41, 10, 3, 80, '5', '8', '2017-02-10 18:46:40', '2017-02-10 18:46:40'),
(857, 41, 10, 3, 81, '5', '8', '2017-02-10 18:46:40', '2017-02-10 18:46:40'),
(858, 41, 10, 3, 82, '5', '8', '2017-02-10 18:46:40', '2017-02-10 18:46:40'),
(859, 41, 10, 3, 83, '5', '8', '2017-02-10 18:46:40', '2017-02-10 18:46:40'),
(860, 41, 10, 3, 84, '1111', '8', '2017-02-10 18:46:40', '2017-02-10 18:46:40'),
(861, 41, 10, 3, 85, '1111', '8', '2017-02-10 18:46:40', '2017-02-10 18:46:40'),
(862, 41, 10, 3, 86, '1111', '8', '2017-02-10 18:46:41', '2017-02-10 18:46:41'),
(863, 41, 10, 3, 87, '1111', '8', '2017-02-10 18:46:41', '2017-02-10 18:46:41'),
(864, 41, 10, 3, 88, '5', '8', '2017-02-10 18:46:41', '2017-02-10 18:46:41'),
(865, 41, 10, 3, 89, '4', '8', '2017-02-10 18:46:41', '2017-02-10 18:46:41'),
(866, 41, 10, 3, 90, '4', '8', '2017-02-10 18:46:41', '2017-02-10 18:46:41'),
(867, 41, 10, 3, 91, '4', '8', '2017-02-10 18:46:41', '2017-02-10 18:46:41'),
(868, 41, 10, 3, 92, '5', '8', '2017-02-10 18:46:41', '2017-02-10 18:46:41'),
(869, 41, 10, 3, 93, '5', '8', '2017-02-10 18:46:41', '2017-02-10 18:46:41'),
(870, 41, 10, 3, 94, '5', '8', '2017-02-10 18:46:41', '2017-02-10 18:46:41'),
(871, 41, 10, 3, 95, '5', '8', '2017-02-10 18:46:41', '2017-02-10 18:46:41'),
(872, 41, 10, 3, 97, '5', '8', '2017-02-10 18:46:41', '2017-02-10 18:46:41'),
(873, 41, 11, 3, 98, '5', NULL, '2017-02-10 18:47:41', '2017-02-10 18:47:41'),
(874, 41, 11, 3, 99, '4', NULL, '2017-02-10 18:47:41', '2017-02-10 18:47:41'),
(875, 41, 11, 3, 100, '4', NULL, '2017-02-10 18:47:41', '2017-02-10 18:47:41'),
(876, 41, 11, 3, 101, '5', NULL, '2017-02-10 18:47:41', '2017-02-10 18:47:41'),
(877, 41, 11, 3, 102, '5', NULL, '2017-02-10 18:47:41', '2017-02-10 18:47:41'),
(878, 41, 11, 3, 103, '5', NULL, '2017-02-10 18:47:42', '2017-02-10 18:47:42'),
(879, 41, 11, 3, 104, '5', NULL, '2017-02-10 18:47:42', '2017-02-10 18:47:42'),
(880, 41, 11, 3, 105, '3', NULL, '2017-02-10 18:47:42', '2017-02-10 18:47:42'),
(881, 41, 11, 3, 106, '5', NULL, '2017-02-10 18:47:42', '2017-02-10 18:47:42'),
(882, 41, 11, 3, 107, '4', NULL, '2017-02-10 18:47:42', '2017-02-10 18:47:42'),
(883, 41, 11, 3, 108, '5', NULL, '2017-02-10 18:47:42', '2017-02-10 18:47:42'),
(884, 41, 11, 3, 109, '5', NULL, '2017-02-10 18:47:42', '2017-02-10 18:47:42'),
(885, 41, 11, 3, 110, '5', NULL, '2017-02-10 18:47:42', '2017-02-10 18:47:42'),
(886, 41, 11, 3, 111, '5', NULL, '2017-02-10 18:47:42', '2017-02-10 18:47:42'),
(887, 41, 11, 3, 112, '5', NULL, '2017-02-10 18:47:42', '2017-02-10 18:47:42'),
(888, 41, 11, 3, 113, '4', NULL, '2017-02-10 18:47:42', '2017-02-10 18:47:42'),
(889, 41, 11, 3, 114, '5', NULL, '2017-02-10 18:47:42', '2017-02-10 18:47:42'),
(890, 41, 11, 3, 115, '5', NULL, '2017-02-10 18:47:42', '2017-02-10 18:47:42'),
(891, 41, 11, 3, 116, '5', NULL, '2017-02-10 18:47:42', '2017-02-10 18:47:42'),
(892, 41, 11, 3, 117, '5', NULL, '2017-02-10 18:47:42', '2017-02-10 18:47:42'),
(893, 41, 11, 3, 98, '5', NULL, '2017-02-10 18:49:47', '2017-02-10 18:49:47'),
(894, 41, 11, 3, 99, '4', NULL, '2017-02-10 18:49:47', '2017-02-10 18:49:47'),
(895, 41, 11, 3, 100, '5', NULL, '2017-02-10 18:49:47', '2017-02-10 18:49:47'),
(896, 41, 11, 3, 101, '5', NULL, '2017-02-10 18:49:47', '2017-02-10 18:49:47'),
(897, 41, 11, 3, 102, '5', NULL, '2017-02-10 18:49:47', '2017-02-10 18:49:47'),
(898, 41, 11, 3, 103, '1111', NULL, '2017-02-10 18:49:47', '2017-02-10 18:49:47'),
(899, 41, 11, 3, 104, '1111', NULL, '2017-02-10 18:49:48', '2017-02-10 18:49:48'),
(900, 41, 11, 3, 105, '1111', NULL, '2017-02-10 18:49:48', '2017-02-10 18:49:48'),
(901, 41, 11, 3, 106, '1111', NULL, '2017-02-10 18:49:48', '2017-02-10 18:49:48'),
(902, 41, 11, 3, 107, '1111', NULL, '2017-02-10 18:49:48', '2017-02-10 18:49:48'),
(903, 41, 11, 3, 108, '1111', NULL, '2017-02-10 18:49:48', '2017-02-10 18:49:48'),
(904, 41, 11, 3, 109, '5', NULL, '2017-02-10 18:49:48', '2017-02-10 18:49:48'),
(905, 41, 11, 3, 110, '4', NULL, '2017-02-10 18:49:48', '2017-02-10 18:49:48'),
(906, 41, 11, 3, 111, '4', NULL, '2017-02-10 18:49:48', '2017-02-10 18:49:48'),
(907, 41, 11, 3, 112, '4', NULL, '2017-02-10 18:49:48', '2017-02-10 18:49:48'),
(908, 41, 11, 3, 113, '4', NULL, '2017-02-10 18:49:48', '2017-02-10 18:49:48'),
(909, 41, 11, 3, 114, '4', NULL, '2017-02-10 18:49:48', '2017-02-10 18:49:48'),
(910, 41, 11, 3, 115, '4', NULL, '2017-02-10 18:49:48', '2017-02-10 18:49:48'),
(911, 41, 11, 3, 116, '5', NULL, '2017-02-10 18:49:48', '2017-02-10 18:49:48'),
(912, 41, 11, 3, 117, '4', NULL, '2017-02-10 18:49:48', '2017-02-10 18:49:48'),
(913, 41, 14, 3, 153, '1', NULL, '2017-02-10 18:50:30', '2017-02-10 18:50:30'),
(914, 41, 14, 3, 189, '2', NULL, '2017-02-10 18:50:30', '2017-02-10 18:50:30'),
(915, 41, 14, 3, 204, '5', NULL, '2017-02-10 18:50:30', '2017-02-10 18:50:30'),
(916, 41, 14, 3, 205, '5', NULL, '2017-02-10 18:50:30', '2017-02-10 18:50:30'),
(917, 41, 14, 3, 154, '', NULL, '2017-02-10 18:50:30', '2017-02-10 18:50:30'),
(918, 41, 14, 3, 190, '1', NULL, '2017-02-10 18:50:30', '2017-02-10 18:50:30'),
(919, 41, 14, 3, 191, 'ddd', NULL, '2017-02-10 18:50:30', '2017-02-10 18:50:30'),
(920, 41, 14, 3, 192, 'dddd', NULL, '2017-02-10 18:50:30', '2017-02-10 18:50:30'),
(921, 42, 7, 3, 39, '10', NULL, '2017-02-10 18:51:14', '2017-02-10 18:51:14'),
(922, 42, 7, 3, 40, '10', NULL, '2017-02-10 18:51:14', '2017-02-10 18:51:14'),
(923, 42, 7, 3, 41, '10', NULL, '2017-02-10 18:51:14', '2017-02-10 18:51:14'),
(924, 42, 7, 3, 42, '10', NULL, '2017-02-10 18:51:14', '2017-02-10 18:51:14'),
(925, 42, 7, 3, 43, '10', NULL, '2017-02-10 18:51:14', '2017-02-10 18:51:14'),
(926, 42, 7, 3, 44, '10', NULL, '2017-02-10 18:51:14', '2017-02-10 18:51:14'),
(927, 42, 7, 3, 45, '5', NULL, '2017-02-10 18:51:14', '2017-02-10 18:51:14'),
(928, 42, 10, 3, 74, 'Zatarain Anleu, Marco Jonathan', '53', '2017-02-10 18:51:39', '2017-02-10 18:51:39'),
(929, 42, 10, 3, 75, '5', '53', '2017-02-10 18:51:39', '2017-02-10 18:51:39'),
(930, 42, 10, 3, 76, '4', '53', '2017-02-10 18:51:39', '2017-02-10 18:51:39'),
(931, 42, 10, 3, 77, '5', '53', '2017-02-10 18:51:39', '2017-02-10 18:51:39'),
(932, 42, 10, 3, 78, '5', '53', '2017-02-10 18:51:39', '2017-02-10 18:51:39'),
(933, 42, 10, 3, 79, '5', '53', '2017-02-10 18:51:39', '2017-02-10 18:51:39'),
(934, 42, 10, 3, 80, '5', '53', '2017-02-10 18:51:39', '2017-02-10 18:51:39'),
(935, 42, 10, 3, 81, '5', '53', '2017-02-10 18:51:39', '2017-02-10 18:51:39'),
(936, 42, 10, 3, 82, '4', '53', '2017-02-10 18:51:39', '2017-02-10 18:51:39'),
(937, 42, 10, 3, 83, '5', '53', '2017-02-10 18:51:39', '2017-02-10 18:51:39'),
(938, 42, 10, 3, 84, '4', '53', '2017-02-10 18:51:39', '2017-02-10 18:51:39'),
(939, 42, 10, 3, 85, '4', '53', '2017-02-10 18:51:39', '2017-02-10 18:51:39'),
(940, 42, 10, 3, 86, '5', '53', '2017-02-10 18:51:39', '2017-02-10 18:51:39'),
(941, 42, 10, 3, 87, '5', '53', '2017-02-10 18:51:39', '2017-02-10 18:51:39'),
(942, 42, 10, 3, 88, '4', '53', '2017-02-10 18:51:39', '2017-02-10 18:51:39'),
(943, 42, 10, 3, 89, '4', '53', '2017-02-10 18:51:39', '2017-02-10 18:51:39'),
(944, 42, 10, 3, 90, '4', '53', '2017-02-10 18:51:39', '2017-02-10 18:51:39'),
(945, 42, 10, 3, 91, '4', '53', '2017-02-10 18:51:39', '2017-02-10 18:51:39'),
(946, 42, 10, 3, 92, '4', '53', '2017-02-10 18:51:40', '2017-02-10 18:51:40'),
(947, 42, 10, 3, 93, '4', '53', '2017-02-10 18:51:40', '2017-02-10 18:51:40'),
(948, 42, 10, 3, 94, '5', '53', '2017-02-10 18:51:40', '2017-02-10 18:51:40'),
(949, 42, 10, 3, 95, '5', '53', '2017-02-10 18:51:40', '2017-02-10 18:51:40'),
(950, 42, 10, 3, 97, '4', '53', '2017-02-10 18:51:40', '2017-02-10 18:51:40'),
(951, 43, 16, 7, 39, '9', NULL, '2017-02-10 18:53:01', '2017-02-10 18:53:01'),
(952, 43, 16, 7, 40, '5', NULL, '2017-02-10 18:53:01', '2017-02-10 18:53:01'),
(953, 43, 16, 7, 41, '5', NULL, '2017-02-10 18:53:01', '2017-02-10 18:53:01'),
(954, 43, 16, 7, 42, '5', NULL, '2017-02-10 18:53:01', '2017-02-10 18:53:01'),
(955, 43, 16, 7, 43, '5', NULL, '2017-02-10 18:53:01', '2017-02-10 18:53:01'),
(956, 43, 16, 7, 44, '5', NULL, '2017-02-10 18:53:01', '2017-02-10 18:53:01'),
(957, 43, 16, 7, 45, '2', NULL, '2017-02-10 18:53:01', '2017-02-10 18:53:01'),
(958, 43, 19, 7, 74, 'Andrade Garza, José De Jesús', '2', '2017-02-10 18:53:28', '2017-02-10 18:53:28'),
(959, 43, 19, 7, 75, '4', '2', '2017-02-10 18:53:28', '2017-02-10 18:53:28'),
(960, 43, 19, 7, 76, '4', '2', '2017-02-10 18:53:28', '2017-02-10 18:53:28'),
(961, 43, 19, 7, 77, '4', '2', '2017-02-10 18:53:28', '2017-02-10 18:53:28'),
(962, 43, 19, 7, 78, '4', '2', '2017-02-10 18:53:28', '2017-02-10 18:53:28'),
(963, 43, 19, 7, 79, '5', '2', '2017-02-10 18:53:28', '2017-02-10 18:53:28'),
(964, 43, 19, 7, 80, '5', '2', '2017-02-10 18:53:28', '2017-02-10 18:53:28'),
(965, 43, 19, 7, 81, '5', '2', '2017-02-10 18:53:28', '2017-02-10 18:53:28'),
(966, 43, 19, 7, 82, '4', '2', '2017-02-10 18:53:28', '2017-02-10 18:53:28'),
(967, 43, 19, 7, 83, '5', '2', '2017-02-10 18:53:28', '2017-02-10 18:53:28'),
(968, 43, 19, 7, 84, '5', '2', '2017-02-10 18:53:28', '2017-02-10 18:53:28'),
(969, 43, 19, 7, 85, '5', '2', '2017-02-10 18:53:28', '2017-02-10 18:53:28'),
(970, 43, 19, 7, 86, '5', '2', '2017-02-10 18:53:28', '2017-02-10 18:53:28'),
(971, 43, 19, 7, 87, '5', '2', '2017-02-10 18:53:28', '2017-02-10 18:53:28'),
(972, 43, 19, 7, 88, '5', '2', '2017-02-10 18:53:28', '2017-02-10 18:53:28'),
(973, 43, 19, 7, 89, '5', '2', '2017-02-10 18:53:28', '2017-02-10 18:53:28'),
(974, 43, 19, 7, 90, '5', '2', '2017-02-10 18:53:28', '2017-02-10 18:53:28'),
(975, 43, 19, 7, 91, '5', '2', '2017-02-10 18:53:28', '2017-02-10 18:53:28'),
(976, 43, 19, 7, 92, '5', '2', '2017-02-10 18:53:28', '2017-02-10 18:53:28'),
(977, 43, 19, 7, 93, '4', '2', '2017-02-10 18:53:28', '2017-02-10 18:53:28'),
(978, 43, 19, 7, 94, '4', '2', '2017-02-10 18:53:28', '2017-02-10 18:53:28'),
(979, 43, 19, 7, 95, '4', '2', '2017-02-10 18:53:28', '2017-02-10 18:53:28'),
(980, 43, 19, 7, 97, '4', '2', '2017-02-10 18:53:28', '2017-02-10 18:53:28'),
(981, 43, 20, 7, 98, '5', NULL, '2017-02-10 18:54:13', '2017-02-10 18:54:13'),
(982, 43, 20, 7, 99, '5', NULL, '2017-02-10 18:54:13', '2017-02-10 18:54:13'),
(983, 43, 20, 7, 100, '1111', NULL, '2017-02-10 18:54:13', '2017-02-10 18:54:13'),
(984, 43, 20, 7, 101, '1111', NULL, '2017-02-10 18:54:13', '2017-02-10 18:54:13'),
(985, 43, 20, 7, 102, '1111', NULL, '2017-02-10 18:54:13', '2017-02-10 18:54:13'),
(986, 43, 20, 7, 103, '1111', NULL, '2017-02-10 18:54:13', '2017-02-10 18:54:13'),
(987, 43, 20, 7, 104, '1111', NULL, '2017-02-10 18:54:13', '2017-02-10 18:54:13'),
(988, 43, 20, 7, 105, '1111', NULL, '2017-02-10 18:54:13', '2017-02-10 18:54:13'),
(989, 43, 20, 7, 106, '1111', NULL, '2017-02-10 18:54:13', '2017-02-10 18:54:13'),
(990, 43, 20, 7, 107, '3', NULL, '2017-02-10 18:54:13', '2017-02-10 18:54:13'),
(991, 43, 20, 7, 108, '3', NULL, '2017-02-10 18:54:13', '2017-02-10 18:54:13'),
(992, 43, 20, 7, 109, '4', NULL, '2017-02-10 18:54:13', '2017-02-10 18:54:13'),
(993, 43, 20, 7, 110, '5', NULL, '2017-02-10 18:54:13', '2017-02-10 18:54:13'),
(994, 43, 20, 7, 111, '5', NULL, '2017-02-10 18:54:13', '2017-02-10 18:54:13'),
(995, 43, 20, 7, 112, '2', NULL, '2017-02-10 18:54:13', '2017-02-10 18:54:13'),
(996, 43, 20, 7, 113, '3', NULL, '2017-02-10 18:54:13', '2017-02-10 18:54:13'),
(997, 43, 20, 7, 114, '5', NULL, '2017-02-10 18:54:13', '2017-02-10 18:54:13'),
(998, 43, 20, 7, 115, '5', NULL, '2017-02-10 18:54:13', '2017-02-10 18:54:13'),
(999, 43, 20, 7, 116, '4', NULL, '2017-02-10 18:54:13', '2017-02-10 18:54:13'),
(1000, 43, 20, 7, 117, '3', NULL, '2017-02-10 18:54:13', '2017-02-10 18:54:13'),
(1001, 44, 16, 7, 39, '7', NULL, '2017-02-10 18:56:03', '2017-02-10 18:56:03'),
(1002, 44, 16, 7, 40, '8', NULL, '2017-02-10 18:56:04', '2017-02-10 18:56:04'),
(1003, 44, 16, 7, 41, '8', NULL, '2017-02-10 18:56:04', '2017-02-10 18:56:04'),
(1004, 44, 16, 7, 42, '8', NULL, '2017-02-10 18:56:04', '2017-02-10 18:56:04'),
(1005, 44, 16, 7, 43, '8', NULL, '2017-02-10 18:56:04', '2017-02-10 18:56:04'),
(1006, 44, 16, 7, 44, '8', NULL, '2017-02-10 18:56:04', '2017-02-10 18:56:04'),
(1007, 44, 16, 7, 45, '4', NULL, '2017-02-10 18:56:04', '2017-02-10 18:56:04'),
(1008, 44, 19, 7, 74, 'Mayorga Morales, Yilenia Lizeth', '8', '2017-02-10 18:57:08', '2017-02-10 18:57:08'),
(1009, 44, 19, 7, 75, '3', '8', '2017-02-10 18:57:08', '2017-02-10 18:57:08'),
(1010, 44, 19, 7, 76, '4', '8', '2017-02-10 18:57:08', '2017-02-10 18:57:08'),
(1011, 44, 19, 7, 77, '5', '8', '2017-02-10 18:57:08', '2017-02-10 18:57:08'),
(1012, 44, 19, 7, 78, '5', '8', '2017-02-10 18:57:08', '2017-02-10 18:57:08'),
(1013, 44, 19, 7, 79, '5', '8', '2017-02-10 18:57:08', '2017-02-10 18:57:08'),
(1014, 44, 19, 7, 80, '4', '8', '2017-02-10 18:57:08', '2017-02-10 18:57:08'),
(1015, 44, 19, 7, 81, '4', '8', '2017-02-10 18:57:08', '2017-02-10 18:57:08'),
(1016, 44, 19, 7, 82, '4', '8', '2017-02-10 18:57:08', '2017-02-10 18:57:08'),
(1017, 44, 19, 7, 83, '5', '8', '2017-02-10 18:57:08', '2017-02-10 18:57:08'),
(1018, 44, 19, 7, 84, '5', '8', '2017-02-10 18:57:08', '2017-02-10 18:57:08'),
(1019, 44, 19, 7, 85, '4', '8', '2017-02-10 18:57:08', '2017-02-10 18:57:08'),
(1020, 44, 19, 7, 86, '3', '8', '2017-02-10 18:57:08', '2017-02-10 18:57:08'),
(1021, 44, 19, 7, 87, '4', '8', '2017-02-10 18:57:08', '2017-02-10 18:57:08'),
(1022, 44, 19, 7, 88, '4', '8', '2017-02-10 18:57:08', '2017-02-10 18:57:08'),
(1023, 44, 19, 7, 89, '5', '8', '2017-02-10 18:57:08', '2017-02-10 18:57:08'),
(1024, 44, 19, 7, 90, '4', '8', '2017-02-10 18:57:09', '2017-02-10 18:57:09'),
(1025, 44, 19, 7, 91, '4', '8', '2017-02-10 18:57:09', '2017-02-10 18:57:09'),
(1026, 44, 19, 7, 92, '5', '8', '2017-02-10 18:57:09', '2017-02-10 18:57:09'),
(1027, 44, 19, 7, 93, '5', '8', '2017-02-10 18:57:09', '2017-02-10 18:57:09'),
(1028, 44, 19, 7, 94, '5', '8', '2017-02-10 18:57:09', '2017-02-10 18:57:09'),
(1029, 44, 19, 7, 95, '5', '8', '2017-02-10 18:57:09', '2017-02-10 18:57:09'),
(1030, 44, 19, 7, 97, '5', '8', '2017-02-10 18:57:09', '2017-02-10 18:57:09');

-- --------------------------------------------------------

--
-- Estructura de tabla para la tabla `categories`
--

CREATE TABLE `categories` (
  `id` int(11) UNSIGNED NOT NULL,
  `name` varchar(100) COLLATE utf8_spanish_ci DEFAULT NULL,
  `abrev` varchar(20) COLLATE utf8_spanish_ci DEFAULT NULL,
  `created_at` timestamp NOT NULL DEFAULT CURRENT_TIMESTAMP,
  `updated_at` timestamp NULL DEFAULT NULL
) ENGINE=InnoDB DEFAULT CHARSET=utf8 COLLATE=utf8_spanish_ci;

--
-- Volcado de datos para la tabla `categories`
--

INSERT INTO `categories` (`id`, `name`, `abrev`, `created_at`, `updated_at`) VALUES
(1, 'Generales', 'PG', '2017-01-21 12:02:25', NULL),
(2, 'Formación Humana - Cristiana', 'HC', '2017-01-21 12:02:25', NULL),
(3, 'Formación Académica', 'FA', '2017-01-21 12:02:25', NULL),
(4, 'Personal Docente', 'PD', '2017-01-21 12:02:25', NULL),
(5, 'Clima Escolar', 'CE', '2017-01-21 12:02:25', NULL),
(6, 'Atención al Cliente', 'AP', '2017-01-21 12:02:25', NULL),
(7, 'Instalaciones', 'IN', '2017-01-21 12:02:25', NULL),
(8, 'Actividades Vespertinas', 'AV', '2017-01-21 12:02:25', NULL),
(9, 'Preguntas Abiertas', 'PA', '2017-01-21 12:02:25', NULL);

-- --------------------------------------------------------

--
-- Estructura de tabla para la tabla `comments`
--

CREATE TABLE `comments` (
  `id` int(11) UNSIGNED NOT NULL,
  `users_id` int(11) UNSIGNED DEFAULT NULL,
  `sections_id` int(11) UNSIGNED DEFAULT NULL,
  `surveys_id` int(11) UNSIGNED DEFAULT NULL,
  `teachers_id` int(11) DEFAULT NULL,
  `comment` text COLLATE utf8_spanish_ci NOT NULL,
  `created_at` timestamp NOT NULL DEFAULT CURRENT_TIMESTAMP ON UPDATE CURRENT_TIMESTAMP,
  `updated_at` timestamp NULL DEFAULT NULL
) ENGINE=InnoDB DEFAULT CHARSET=utf8 COLLATE=utf8_spanish_ci;

--
-- Volcado de datos para la tabla `comments`
--

INSERT INTO `comments` (`id`, `users_id`, `sections_id`, `surveys_id`, `teachers_id`, `comment`, `created_at`, `updated_at`) VALUES
(1, 3, 8, 2, NULL, 'sdfxsfdfsdfsdfsdf fsdf dfcdffcdf sdfdvvfbvtgbdf f fdgcfsexefe', '2017-01-31 22:16:45', '2017-01-31 22:16:45'),
(2, 3, 9, 2, NULL, 'ñlk,okpk,kñkpkpkk,{ñl', '2017-01-31 22:17:17', '2017-01-31 22:17:17'),
(3, 4, 8, 2, NULL, 'ELMER OMERO', '2017-01-31 22:21:32', '2017-01-31 22:21:32'),
(4, 6, 8, 2, NULL, 'fdrdtxctcgcgtctgxct', '2017-01-31 23:39:19', '2017-01-31 23:39:19'),
(5, 6, 8, 2, NULL, 'fdrdtxctcgcgtctgxct', '2017-01-31 23:39:20', '2017-01-31 23:39:20'),
(6, 6, 9, 2, NULL, 'dtftft5fyfygy6fgdg', '2017-01-31 23:39:46', '2017-01-31 23:39:46'),
(7, 17, 12, 4, NULL, 'fdgdfgdfgdf', '2017-02-07 21:07:08', '2017-02-07 21:07:08'),
(8, 22, 10, 3, NULL, 'fdfsdfsdfsdfsdf', '2017-02-09 18:55:00', '2017-02-09 18:55:00'),
(9, 22, 11, 3, NULL, 'rcfsdfcttttrcfd', '2017-02-09 19:13:32', '2017-02-09 19:13:32'),
(10, 23, 10, 3, NULL, 'maestro barco', '2017-02-09 21:21:26', '2017-02-09 21:21:26'),
(11, 24, 10, 3, NULL, 'dfdsfsdfdf', '2017-02-09 21:23:42', '2017-02-09 21:23:42'),
(12, 25, 10, 3, NULL, 'maestro barco el victor', '2017-02-09 21:26:43', '2017-02-09 21:26:43'),
(13, 26, 10, 3, NULL, 'mal maestro', '2017-02-09 21:30:41', '2017-02-09 21:30:41'),
(14, 27, 10, 3, NULL, 'fdsfsdfsdfsd', '2017-02-09 21:32:42', '2017-02-09 21:32:42'),
(15, 29, 10, 3, NULL, 'whhjyiukou', '2017-02-09 21:37:28', '2017-02-09 21:37:28'),
(16, 30, 10, 3, NULL, 'xrreecCCTRTRTE', '2017-02-09 21:47:27', '2017-02-09 21:47:27'),
(17, 31, 10, 3, NULL, 'fsdfsdfsdfs', '2017-02-09 21:58:38', '2017-02-09 21:58:38'),
(18, 32, 10, 3, NULL, 'cxczxczxzx', '2017-02-09 22:00:37', '2017-02-09 22:00:37'),
(19, 32, 11, 3, NULL, 'likljkljkljkljkljk', '2017-02-09 22:04:28', '2017-02-09 22:04:28'),
(20, 33, 10, 3, NULL, 'buen maeestro', '2017-02-10 17:34:53', '2017-02-10 17:34:53'),
(21, 34, 10, 3, NULL, 'fsdfsdfsdfds', '2017-02-10 17:36:34', '2017-02-10 17:36:34'),
(22, 35, 10, 3, NULL, 'nono', '2017-02-10 18:13:18', '2017-02-10 18:13:18'),
(23, 36, 10, 3, NULL, 'fdfsfsdfsdfsd', '2017-02-10 18:15:27', '2017-02-10 18:15:27'),
(24, 37, 10, 3, NULL, 'fallo', '2017-02-10 18:18:19', '2017-02-10 18:18:19'),
(25, 38, 10, 3, NULL, 'rrrrrrrrrrrrrrrrrrrrr', '2017-02-10 18:20:27', '2017-02-10 18:20:27'),
(26, 39, 10, 3, NULL, 'dddddddd', '2017-02-10 18:22:18', '2017-02-10 18:22:18'),
(27, 40, 10, 3, 44, 'eeeeeeeeeeeeeeeeeeee', '2017-02-10 18:24:23', '2017-02-10 18:24:23'),
(28, 41, 10, 3, 8, 'fffffffffffffffssssssssssss', '2017-02-10 18:46:41', '2017-02-10 18:46:41'),
(29, 41, 11, 3, NULL, 'ddddddddd', '2017-02-10 18:49:48', '2017-02-10 18:49:48'),
(30, 42, 10, 3, 53, 'ddddddddddd', '2017-02-10 18:51:40', '2017-02-10 18:51:40'),
(31, 43, 19, 7, 2, 'LLLLLLLLLLLLLLLLLLLLL', '2017-02-10 18:53:29', '2017-02-10 18:53:29'),
(32, 43, 20, 7, NULL, 'KKKKKKKKKKKKKKKKKKKKKK', '2017-02-10 18:54:13', '2017-02-10 18:54:13'),
(33, 44, 19, 7, 8, 'rrrrrrrrrrrr', '2017-02-10 18:57:09', '2017-02-10 18:57:09');

-- --------------------------------------------------------

--
-- Estructura de tabla para la tabla `group_has_question`
--

CREATE TABLE `group_has_question` (
  `group_id` int(11) UNSIGNED NOT NULL,
  `question_id` int(10) UNSIGNED NOT NULL,
  `created_at` timestamp NOT NULL DEFAULT CURRENT_TIMESTAMP,
  `updated_at` timestamp NULL DEFAULT NULL,
  `created_by` int(11) UNSIGNED DEFAULT NULL,
  `updated_by` int(11) UNSIGNED DEFAULT NULL
) ENGINE=InnoDB DEFAULT CHARSET=utf8 COLLATE=utf8_spanish_ci;

--
-- Volcado de datos para la tabla `group_has_question`
--

INSERT INTO `group_has_question` (`group_id`, `question_id`, `created_at`, `updated_at`, `created_by`, `updated_by`) VALUES
(1, 155, '2017-01-29 03:58:32', NULL, NULL, NULL),
(1, 156, '2017-01-29 04:02:59', NULL, NULL, NULL),
(1, 157, '2017-01-29 04:03:04', NULL, NULL, NULL),
(1, 158, '2017-01-29 04:03:13', NULL, NULL, NULL),
(1, 159, '2017-01-29 04:03:17', NULL, NULL, NULL),
(1, 160, '2017-01-29 04:03:22', NULL, NULL, NULL),
(1, 161, '2017-01-29 04:03:26', NULL, NULL, NULL),
(1, 162, '2017-01-29 04:03:31', NULL, NULL, NULL),
(1, 163, '2017-01-29 04:03:35', NULL, NULL, NULL),
(1, 164, '2017-01-29 04:03:40', NULL, NULL, NULL),
(1, 165, '2017-01-29 04:03:44', NULL, NULL, NULL),
(1, 166, '2017-01-29 04:03:47', NULL, NULL, NULL),
(1, 167, '2017-01-29 04:03:50', NULL, NULL, NULL),
(2, 204, '2017-01-29 03:58:32', NULL, NULL, NULL),
(2, 205, '2017-01-29 04:02:59', NULL, NULL, NULL),
(2, 155, '2017-01-29 04:03:04', NULL, NULL, NULL),
(2, 156, '2017-01-29 04:03:13', NULL, NULL, NULL),
(2, 157, '2017-01-29 04:03:17', NULL, NULL, NULL),
(2, 158, '2017-01-29 04:03:22', NULL, NULL, NULL),
(2, 159, '2017-01-29 04:03:26', NULL, NULL, NULL),
(2, 160, '2017-01-29 04:03:31', NULL, NULL, NULL),
(2, 161, '2017-01-29 04:03:35', NULL, NULL, NULL),
(2, 162, '2017-01-29 04:03:40', NULL, NULL, NULL),
(2, 163, '2017-01-29 04:03:44', NULL, NULL, NULL),
(2, 164, '2017-01-29 04:03:47', NULL, NULL, NULL),
(2, 165, '2017-01-29 04:03:50', NULL, NULL, NULL),
(3, 155, '2017-01-29 03:58:32', NULL, NULL, NULL),
(3, 156, '2017-01-29 04:02:59', NULL, NULL, NULL),
(3, 157, '2017-01-29 04:03:04', NULL, NULL, NULL),
(3, 158, '2017-01-29 04:03:13', NULL, NULL, NULL),
(3, 159, '2017-01-29 04:03:17', NULL, NULL, NULL),
(3, 160, '2017-01-29 04:03:22', NULL, NULL, NULL),
(3, 161, '2017-01-29 04:03:26', NULL, NULL, NULL),
(3, 162, '2017-01-29 04:03:31', NULL, NULL, NULL),
(3, 163, '2017-01-29 04:03:35', NULL, NULL, NULL),
(3, 164, '2017-01-29 04:03:40', NULL, NULL, NULL),
(3, 165, '2017-01-29 04:03:44', NULL, NULL, NULL),
(3, 166, '2017-01-29 04:03:47', NULL, NULL, NULL),
(3, 167, '2017-01-29 04:03:50', NULL, NULL, NULL),
(4, 155, '2017-01-29 03:58:32', NULL, NULL, NULL),
(4, 156, '2017-01-29 04:02:59', NULL, NULL, NULL),
(4, 157, '2017-01-29 04:03:04', NULL, NULL, NULL),
(4, 158, '2017-01-29 04:03:13', NULL, NULL, NULL),
(4, 159, '2017-01-29 04:03:17', NULL, NULL, NULL),
(4, 160, '2017-01-29 04:03:22', NULL, NULL, NULL),
(4, 161, '2017-01-29 04:03:26', NULL, NULL, NULL),
(4, 162, '2017-01-29 04:03:31', NULL, NULL, NULL),
(4, 163, '2017-01-29 04:03:35', NULL, NULL, NULL),
(4, 164, '2017-01-29 04:03:40', NULL, NULL, NULL),
(4, 165, '2017-01-29 04:03:44', NULL, NULL, NULL),
(4, 166, '2017-01-29 04:03:47', NULL, NULL, NULL),
(4, 167, '2017-01-29 04:03:50', NULL, NULL, NULL),
(5, 168, '2017-01-29 03:58:32', NULL, NULL, NULL),
(5, 169, '2017-01-29 04:02:59', NULL, NULL, NULL),
(5, 170, '2017-01-29 04:03:04', NULL, NULL, NULL),
(5, 171, '2017-01-29 04:03:13', NULL, NULL, NULL),
(5, 172, '2017-01-29 04:03:17', NULL, NULL, NULL),
(5, 173, '2017-01-29 04:03:22', NULL, NULL, NULL),
(5, 174, '2017-01-29 04:03:26', NULL, NULL, NULL),
(5, 175, '2017-01-29 04:03:31', NULL, NULL, NULL),
(5, 176, '2017-01-29 04:03:35', NULL, NULL, NULL),
(5, 177, '2017-01-29 04:03:40', NULL, NULL, NULL),
(5, 178, '2017-01-29 04:03:44', NULL, NULL, NULL),
(5, 179, '2017-01-29 04:03:47', NULL, NULL, NULL),
(5, 180, '2017-01-29 04:03:50', NULL, NULL, NULL),
(5, 181, '2017-01-29 04:03:31', NULL, NULL, NULL),
(5, 182, '2017-01-29 04:03:35', NULL, NULL, NULL),
(5, 183, '2017-01-29 04:03:40', NULL, NULL, NULL),
(5, 184, '2017-01-29 04:03:44', NULL, NULL, NULL),
(5, 185, '2017-01-29 04:03:47', NULL, NULL, NULL),
(5, 186, '2017-01-29 04:03:50', NULL, NULL, NULL),
(5, 187, '2017-01-29 04:03:50', NULL, NULL, NULL),
(6, 204, '2017-01-29 03:58:32', NULL, NULL, NULL),
(6, 205, '2017-01-29 04:02:59', NULL, NULL, NULL),
(6, 168, '2017-01-29 04:03:04', NULL, NULL, NULL),
(6, 169, '2017-01-29 04:03:13', NULL, NULL, NULL),
(6, 170, '2017-01-29 04:03:17', NULL, NULL, NULL),
(6, 171, '2017-01-29 04:03:22', NULL, NULL, NULL),
(6, 172, '2017-01-29 04:03:26', NULL, NULL, NULL),
(6, 173, '2017-01-29 04:03:31', NULL, NULL, NULL),
(6, 174, '2017-01-29 04:03:35', NULL, NULL, NULL),
(6, 175, '2017-01-29 04:03:40', NULL, NULL, NULL),
(6, 176, '2017-01-29 04:03:44', NULL, NULL, NULL),
(6, 177, '2017-01-29 04:03:47', NULL, NULL, NULL),
(6, 178, '2017-01-29 04:03:50', NULL, NULL, NULL),
(6, 179, '2017-01-29 04:03:31', NULL, NULL, NULL),
(6, 180, '2017-01-29 04:03:35', NULL, NULL, NULL),
(6, 181, '2017-01-29 04:03:40', NULL, NULL, NULL),
(6, 182, '2017-01-29 04:03:44', NULL, NULL, NULL),
(6, 183, '2017-01-29 04:03:47', NULL, NULL, NULL),
(6, 184, '2017-01-29 04:03:50', NULL, NULL, NULL),
(6, 185, '2017-01-29 04:03:50', NULL, NULL, NULL),
(7, 168, '2017-01-29 03:58:32', NULL, NULL, NULL),
(7, 169, '2017-01-29 04:02:59', NULL, NULL, NULL),
(7, 170, '2017-01-29 04:03:04', NULL, NULL, NULL),
(7, 171, '2017-01-29 04:03:13', NULL, NULL, NULL),
(7, 172, '2017-01-29 04:03:17', NULL, NULL, NULL),
(7, 173, '2017-01-29 04:03:22', NULL, NULL, NULL),
(7, 174, '2017-01-29 04:03:26', NULL, NULL, NULL),
(7, 175, '2017-01-29 04:03:31', NULL, NULL, NULL),
(7, 176, '2017-01-29 04:03:35', NULL, NULL, NULL),
(7, 177, '2017-01-29 04:03:40', NULL, NULL, NULL),
(7, 178, '2017-01-29 04:03:44', NULL, NULL, NULL),
(7, 179, '2017-01-29 04:03:47', NULL, NULL, NULL),
(7, 180, '2017-01-29 04:03:50', NULL, NULL, NULL),
(7, 181, '2017-01-29 04:03:31', NULL, NULL, NULL),
(7, 182, '2017-01-29 04:03:35', NULL, NULL, NULL),
(7, 183, '2017-01-29 04:03:40', NULL, NULL, NULL),
(7, 184, '2017-01-29 04:03:44', NULL, NULL, NULL),
(7, 185, '2017-01-29 04:03:47', NULL, NULL, NULL),
(7, 186, '2017-01-29 04:03:50', NULL, NULL, NULL),
(7, 187, '2017-01-29 04:03:50', NULL, NULL, NULL),
(8, 168, '2017-01-29 03:58:32', NULL, NULL, NULL),
(8, 169, '2017-01-29 04:02:59', NULL, NULL, NULL),
(8, 170, '2017-01-29 04:03:04', NULL, NULL, NULL),
(8, 171, '2017-01-29 04:03:13', NULL, NULL, NULL),
(8, 172, '2017-01-29 04:03:17', NULL, NULL, NULL),
(8, 173, '2017-01-29 04:03:22', NULL, NULL, NULL),
(8, 174, '2017-01-29 04:03:26', NULL, NULL, NULL),
(8, 175, '2017-01-29 04:03:31', NULL, NULL, NULL),
(8, 176, '2017-01-29 04:03:35', NULL, NULL, NULL),
(8, 177, '2017-01-29 04:03:40', NULL, NULL, NULL),
(8, 178, '2017-01-29 04:03:44', NULL, NULL, NULL),
(8, 179, '2017-01-29 04:03:47', NULL, NULL, NULL),
(8, 180, '2017-01-29 04:03:50', NULL, NULL, NULL),
(8, 181, '2017-01-29 04:03:31', NULL, NULL, NULL),
(8, 182, '2017-01-29 04:03:35', NULL, NULL, NULL),
(8, 183, '2017-01-29 04:03:40', NULL, NULL, NULL),
(8, 184, '2017-01-29 04:03:44', NULL, NULL, NULL),
(8, 185, '2017-01-29 04:03:47', NULL, NULL, NULL),
(8, 186, '2017-01-29 04:03:50', NULL, NULL, NULL),
(8, 187, '2017-01-29 04:03:50', NULL, NULL, NULL),
(9, 191, '2017-01-29 04:55:39', NULL, NULL, NULL),
(9, 192, '2017-01-29 04:55:44', NULL, NULL, NULL),
(10, 199, '2017-01-29 05:15:15', NULL, NULL, NULL),
(10, 200, '2017-01-29 05:15:19', NULL, NULL, NULL),
(11, 199, '2017-01-29 05:15:36', NULL, NULL, NULL),
(11, 200, '2017-01-29 05:15:38', NULL, NULL, NULL),
(2, 166, '2017-01-29 08:05:00', NULL, NULL, NULL),
(2, 167, '2017-01-29 08:05:14', NULL, NULL, NULL),
(6, 186, '2017-01-29 08:06:40', NULL, NULL, NULL),
(6, 187, '2017-01-29 08:06:51', NULL, NULL, NULL);

-- --------------------------------------------------------

--
-- Estructura de tabla para la tabla `group_questions`
--

CREATE TABLE `group_questions` (
  `id` int(11) UNSIGNED NOT NULL,
  `name` varchar(100) COLLATE utf8_spanish_ci DEFAULT NULL,
  `panel_title` varchar(60) COLLATE utf8_spanish_ci DEFAULT NULL,
  `description` varchar(255) COLLATE utf8_spanish_ci DEFAULT NULL,
  `comments_required` int(1) DEFAULT '1'
) ENGINE=InnoDB DEFAULT CHARSET=utf8 COLLATE=utf8_spanish_ci;

--
-- Volcado de datos para la tabla `group_questions`
--

INSERT INTO `group_questions` (`id`, `name`, `panel_title`, `description`, `comments_required`) VALUES
(1, 'Alumnos Act Vesp. 1 (Estancia Infantil)', 'Estancia Infantil', 'Grupo de preguntas correspondientes a la Estancia Infantil.', 1),
(2, 'Alumnos Act. Vesp.2 (CDE)', 'Club Después de la Escuela', 'Grupo de preguntas correspondientes al Club después de la escuela.', 1),
(3, 'Alumnos Act. Vesp.3 (Club de Tareas)', 'Club de Tareas', 'Grupo de preguntas correspondientes al Club de Tareas.', 1),
(4, 'Alumnos Act. Vesp.4 (Centro Idiomas)', 'Centro de Idiomas', 'Grupo de preguntas correspondientes al Centro de Idiomas.', 1),
(5, 'Padres Act Vesp. 1 (Estancia Infantil)', 'Estancia Infantil', 'Grupo de preguntas correspondientes a la Estancia Infantil.', 1),
(6, 'Padres Act. Vesp.2 (CDE)', 'Club Después de la Escuela', 'Grupo de preguntas correspondientes al Club después de la escuela.', 1),
(7, 'Padres Act. Vesp.3 (Club de Tareas)', 'Club de Tareas', 'Grupo de preguntas correspondientes al Club de Tareas.', 1),
(8, 'Padres Act. Vesp.4 (Centro Idiomas)', 'Centro de Idiomas', 'Grupo de preguntas correspondientes al Centro de Idiomas.', 1),
(9, 'Act. Vesp (Ult. Pregunta)', NULL, 'Grupo de preguntas para la respuesta de NO en Act. Vesp.', 0),
(10, 'Abiertas Alumnos Cambio Colegio', NULL, 'Grupo de Preguntas de la Sección 3 de cambio de colegio.', 0),
(11, 'Abiertas Padres Cambio Colegio', NULL, 'Grupo de Preguntas de la Sección 3 de cambio de colegio.', 0);

-- --------------------------------------------------------

--
-- Estructura de tabla para la tabla `questions`
--

CREATE TABLE `questions` (
  `id` int(11) UNSIGNED NOT NULL,
  `question_type` int(10) UNSIGNED DEFAULT NULL,
  `description` varchar(300) COLLATE utf8_spanish_ci DEFAULT NULL,
  `options` varchar(500) COLLATE utf8_spanish_ci DEFAULT NULL,
  `required` tinyint(4) NOT NULL DEFAULT '1',
  `rule_id` int(11) UNSIGNED DEFAULT NULL,
  `init_hidden` int(1) DEFAULT '0',
  `created_at` timestamp NOT NULL DEFAULT CURRENT_TIMESTAMP ON UPDATE CURRENT_TIMESTAMP,
  `updated_at` timestamp NULL DEFAULT NULL
) ENGINE=InnoDB DEFAULT CHARSET=utf8 COLLATE=utf8_spanish_ci;

--
-- Volcado de datos para la tabla `questions`
--

INSERT INTO `questions` (`id`, `question_type`, `description`, `options`, `required`, `rule_id`, `init_hidden`, `created_at`, `updated_at`) VALUES
(1, 1, 'Los baños', NULL, 1, NULL, NULL, '2017-01-21 12:02:25', NULL),
(2, 1, 'El salón de clases', NULL, 1, NULL, NULL, '2017-01-21 12:02:25', NULL),
(3, 1, 'Las áreas de juegos', NULL, 1, NULL, NULL, '2017-01-21 12:02:25', NULL),
(4, 1, 'Los jardines', NULL, 1, NULL, NULL, '2017-01-21 12:02:25', NULL),
(5, 1, 'Las canchas', NULL, 1, NULL, NULL, '2017-01-21 12:02:25', NULL),
(6, 1, 'Los bancos y sillas', NULL, 1, NULL, NULL, '2017-01-21 12:02:25', NULL),
(7, 1, 'El pizarrón, las grabadoras, la televisión', NULL, 1, NULL, NULL, '2017-01-21 12:02:25', NULL),
(8, 1, 'La limpieza del colegio', NULL, 1, NULL, NULL, '2017-01-21 12:02:25', NULL),
(9, 1, 'La seguridad de las instalaciones', NULL, 1, NULL, NULL, '2017-01-21 12:02:25', NULL),
(10, 1, 'La Presentación personal', NULL, 1, NULL, NULL, '2017-01-21 12:02:25', NULL),
(11, 1, 'El buen ejemplo que nos da', NULL, 1, NULL, NULL, '2017-01-21 12:02:25', NULL),
(12, 1, 'La puntualidad y asistencia a su lugar de trabajo y las actividades', NULL, 1, NULL, NULL, '2017-01-21 12:02:25', NULL),
(13, 1, 'El trato amable y respetuoso', NULL, 1, NULL, NULL, '2017-01-21 12:02:25', NULL),
(14, 1, 'La forma en que nos enseña', NULL, 1, NULL, NULL, '2017-01-21 12:02:25', NULL),
(15, 1, 'La manera en que nos evalúa', NULL, 1, NULL, NULL, '2017-01-21 12:02:25', NULL),
(16, 1, 'La forma en que platica conmigo cuando tengo problemas o dudas', NULL, 1, NULL, NULL, '2017-01-21 12:02:25', NULL),
(17, 1, 'Como nos enseña a trabajar en equipo', NULL, 1, NULL, NULL, '2017-01-21 12:02:25', NULL),
(18, 1, 'La manera en que me enseñan a portarme bien y respetar a los demás', NULL, 1, NULL, NULL, '2017-01-21 12:02:25', NULL),
(19, 1, 'La forma en que me llama la atención', NULL, 1, NULL, NULL, '2017-01-21 12:02:25', NULL),
(20, 1, 'La justicia en la aplicación del reglamento', NULL, 1, NULL, NULL, '2017-01-21 12:02:25', NULL),
(21, 1, 'Lo que me enseñan en el Colegio', NULL, 1, NULL, NULL, '2017-01-21 12:02:25', NULL),
(22, 1, 'La forma en que aprendo', NULL, 1, NULL, NULL, '2017-01-21 12:02:25', NULL),
(23, 1, 'Las actividades extracurriculares', NULL, 1, NULL, NULL, '2017-01-21 12:02:25', NULL),
(24, 1, 'Las tareas', NULL, 1, NULL, NULL, '2017-01-21 12:02:25', NULL),
(25, 1, 'Como me enseñan a investigar', NULL, 1, NULL, NULL, '2017-01-21 12:02:25', NULL),
(26, 1, 'La formación en valores', NULL, 1, NULL, NULL, '2017-01-21 12:02:25', NULL),
(27, 1, 'Educación en la Fe - Catecismo', NULL, 1, NULL, NULL, '2017-01-21 12:02:25', NULL),
(28, 1, 'Las actividades litúrgicas: Momento Mariano, Peregrinación, retiro', NULL, 1, NULL, NULL, '2017-01-21 12:02:25', NULL),
(29, 1, 'La participación en las obras de caridad', NULL, 1, NULL, NULL, '2017-01-21 12:02:25', NULL),
(30, 5, '¿Cuál fue la razón por la que tus padres nos eligieron?', NULL, 1, NULL, NULL, '2017-01-21 12:02:25', NULL),
(31, 5, '¿Estás de acuerdo con su decisión? ¿Por qué?', NULL, 1, NULL, NULL, '2017-01-21 12:02:25', NULL),
(32, 4, '¿Recomendarías tu Colegio a un amigo/conocido/familiar?', 'Si,No', 1, NULL, NULL, '2017-01-21 12:02:25', NULL),
(33, 5, '¿Por qué?', NULL, 1, NULL, NULL, '2017-01-21 12:02:25', NULL),
(34, 5, '¿Qué es lo que más te agrada de nuestro Colegio?', NULL, 1, NULL, NULL, '2017-01-21 12:02:25', NULL),
(35, 5, '¿Qué es lo que menos te agrada de tu Colegio?', NULL, 1, NULL, NULL, '2017-01-21 12:02:25', NULL),
(36, 4, '¿Te gustaría cambiarte a otro Colegio?', 'Si,No', 1, NULL, NULL, '2017-01-21 12:02:25', NULL),
(37, 5, '¿A cuál?', NULL, 1, NULL, NULL, '2017-01-21 12:02:25', NULL),
(38, 5, '¿Por qué?', NULL, 1, NULL, NULL, '2017-01-21 12:02:25', NULL),
(39, 3, 'Formación Humana - Cristiana', NULL, 1, NULL, NULL, '2017-01-21 12:02:25', NULL),
(40, 3, 'Formación Académica', NULL, 1, NULL, NULL, '2017-01-21 12:02:25', NULL),
(41, 3, 'Personal Docente', NULL, 1, NULL, NULL, '2017-01-21 12:02:25', NULL),
(42, 3, 'Clima Escolar', NULL, 1, NULL, NULL, '2017-01-21 12:02:25', NULL),
(43, 3, 'Atención al Alumno', NULL, 1, NULL, NULL, '2017-01-21 12:02:25', NULL),
(44, 3, 'Instalaciones', NULL, 1, NULL, NULL, '2017-01-21 12:02:25', NULL),
(45, 4, 'Seleccione la característica que considere que es la MÁS IMPORTANTE para usted.', 'Formación Humana - Cristiana,Formación Académica,Personal Docente,Clima Escolar,Atención al Alumno,Instalaciones', 1, NULL, NULL, '2017-01-21 12:02:25', NULL),
(46, 2, 'La formación integral que recibo en el Colegio.', NULL, 1, NULL, NULL, '2017-01-21 12:02:25', NULL),
(47, 2, 'La forma en que me enseñan a vivir y practicar los valores.', NULL, 1, NULL, NULL, '2017-01-21 12:02:25', NULL),
(48, 2, 'La forma en que la clase de Educación de la fe me ha ayudado a acercarme más a Dios.', NULL, 1, NULL, NULL, '2017-01-21 12:02:25', NULL),
(49, 2, 'La manera en que la formación católica que he recibido me ha ayudado en mi vida familiar.', NULL, 1, NULL, NULL, '2017-01-21 12:02:25', NULL),
(50, 2, 'La manera en que el Colegio me ayuda a sensibilizarme a las necesiades de los demás a través de mi participación en obras de caridad, de ayuda o campañas de solidaridad.', NULL, 1, NULL, NULL, '2017-01-21 12:02:25', NULL),
(51, 2, 'Mi participación en los grupos apostólicos que promueve el Colegio (Vanclar, Movimiento Infantil y Juvenil Lasallista).', NULL, 1, NULL, NULL, '2017-01-21 12:02:25', NULL),
(52, 2, 'El crecimiento en la fe que he experimentado al estar en un Colegio católico.', NULL, 1, NULL, NULL, '2017-01-21 12:02:25', NULL),
(53, 2, 'Qué tan contento estoy de estudiar en un Colegio católico.', NULL, 1, NULL, NULL, '2017-01-21 12:02:25', NULL),
(54, 2, 'El conocimiento que tengo del tipo de persona que la institución desea formar (perfil de egreso).', NULL, 1, NULL, NULL, '2017-01-21 12:02:25', NULL),
(55, 2, 'El plan o programa de estudios de nivel y grado que curso.', NULL, 1, NULL, NULL, '2017-01-21 12:02:25', NULL),
(56, 2, 'La variedad de actividades (deportivas, culturales, recreativas, sociales, religiosas) en las que participé en este ciclo escolar (visitas a otras escuelas, torneos, concursos, muestras, etc.)', NULL, 1, NULL, NULL, '2017-01-21 12:02:25', NULL),
(57, 2, 'El desarrollo de mis habilidades matemáticas.', NULL, 1, NULL, NULL, '2017-01-21 12:02:25', NULL),
(58, 2, 'El desarrollo de mis habilidades de investigación.', NULL, 1, NULL, NULL, '2017-01-21 12:02:25', NULL),
(59, 2, 'El desarrollo de mis habilidades de comunicación (hablar, leer, escuchar, escribir) en el idioma inglés.', NULL, 1, NULL, NULL, '2017-01-21 12:02:25', NULL),
(60, 2, 'El desarrollo de mis habilidades de comunicación (hablar, leer, escuchar, escribir) en el idioma español.', NULL, 1, NULL, NULL, '2017-01-21 12:02:25', NULL),
(61, 2, 'El desarrollo de mis habilidades para el uso de la computadora.', NULL, 1, NULL, NULL, '2017-01-21 12:02:25', NULL),
(62, 2, 'El desarrollo de mis habilidades físicas (educación física, deportes).', NULL, 1, NULL, NULL, '2017-01-21 12:02:25', NULL),
(63, 2, 'El desarrollo de mis habilidades artísticas.', NULL, 1, NULL, NULL, '2017-01-21 12:02:25', NULL),
(64, 2, 'El nivel de desarrollo de mis habilidades del pensamiento.', NULL, 1, NULL, NULL, '2017-01-21 12:02:25', NULL),
(65, 2, 'El desarrollo de mis habilidades para aprender a aprender.', NULL, 1, NULL, NULL, '2017-01-21 12:02:25', NULL),
(66, 2, 'El desarrollo de hábitos para mi cuidado personal, de la salud y del medio ambiente.', NULL, 1, NULL, NULL, '2017-01-21 12:02:25', NULL),
(67, 2, 'El desarrollo de hábitos de estudio.', NULL, 1, NULL, NULL, '2017-01-21 12:02:25', NULL),
(68, 2, 'La orientación que recibo para atender los problemas o situaciones que enfrento durante mi proceso de formación.', NULL, 1, NULL, NULL, '2017-01-21 12:02:25', NULL),
(69, 2, 'La forma en que mis maestros se preocupan y me ayudan a relacionarme mejor.', NULL, 1, NULL, NULL, '2017-01-21 12:02:25', NULL),
(70, 2, 'La forma en que el Colegio me ha ayudado para desarrollar mi creatividad.', NULL, 1, NULL, NULL, '2017-01-21 12:02:25', NULL),
(71, 2, 'La forma en que el Colegio me ha ayudado a mejorar en mi desarrollo social y personal.', NULL, 1, NULL, NULL, '2017-01-21 12:02:25', NULL),
(72, 2, 'La forma en que me siento preparado para ingresar al siguiente grado o nivel.', NULL, 1, NULL, NULL, '2017-01-21 12:02:25', NULL),
(73, 2, 'La cantidad de tarea diaria que me encargan.', NULL, 1, NULL, NULL, '2017-01-21 12:02:25', NULL),
(74, 8, 'Maestro Asignado:', NULL, 1, NULL, NULL, '2017-01-23 13:47:31', NULL),
(75, 2, 'La experiencia y preparación que tiene.', NULL, 1, NULL, NULL, '2017-01-21 12:02:25', NULL),
(76, 2, 'La presentación personal.', NULL, 1, NULL, NULL, '2017-01-21 12:02:25', NULL),
(77, 2, 'La puntualidad y asistencia a sus compromisos de trabajo.', NULL, 1, NULL, NULL, '2017-01-21 12:02:25', NULL),
(78, 2, 'El reconocimiento que recibo de él cuando me esfuerzo y hago bien las cosas.', NULL, 1, NULL, NULL, '2017-01-21 12:02:25', NULL),
(79, 2, 'La forma en que acepta las sugerencias, opiniones o quejas realizadas por alumnos.', NULL, 1, NULL, NULL, '2017-01-21 12:02:25', NULL),
(80, 2, 'La habilidad que tiene para motivarnos a realizar nuestro mejor esfuerzo.', NULL, 1, NULL, NULL, '2017-01-21 12:02:25', NULL),
(81, 2, 'La forma en que prepara y da sus clases.', NULL, 1, NULL, NULL, '2017-01-21 12:02:25', NULL),
(82, 2, 'El material y recursos que utiliza para hacer la clase más atractiva.', NULL, 1, NULL, NULL, '2017-01-21 12:02:25', NULL),
(83, 2, 'La forma en que evalúa y asigna calificaciones.', NULL, 1, NULL, NULL, '2017-01-21 12:02:25', NULL),
(84, 2, 'La capacidad de respuesta a nuestras inquietudes y dudas.', NULL, 1, NULL, NULL, '2017-01-21 12:02:25', NULL),
(85, 2, 'La forma en que se relaciona conmigo y con mis compañeros.', NULL, 1, NULL, NULL, '2017-01-21 12:02:25', NULL),
(86, 2, 'La forma en que vigila mi aprendizaje al momento de dar clases.', NULL, 1, NULL, NULL, '2017-01-21 12:02:25', NULL),
(87, 2, 'La forma en que promueve que todo el grupo participe en su clase.', NULL, 1, NULL, NULL, '2017-01-21 12:02:25', NULL),
(88, 2, 'El interés que demuestra por conocerme mejor.', NULL, 1, NULL, NULL, '2017-01-21 12:02:25', NULL),
(89, 2, 'La forma en que me ha ayudado a aprender a estudiar.', NULL, 1, NULL, NULL, '2017-01-21 12:02:25', NULL),
(90, 2, 'El apoyo y comprensión que he recibido de él durante este ciclo escolar.', NULL, 1, NULL, NULL, '2017-01-21 12:02:25', NULL),
(91, 2, 'La forma respetuosa en que me trata, aún y cuando me llama la atención.', NULL, 1, NULL, NULL, '2017-01-21 12:02:25', NULL),
(92, 2, 'La forma en la que mantiene un ambiente de disciplina durante las actividades dentro y fuera del aula.', NULL, 1, NULL, NULL, '2017-01-21 12:02:25', NULL),
(93, 2, 'La forma en que organiza y revisa las tareas.', NULL, 1, NULL, NULL, '2017-01-21 12:02:25', NULL),
(94, 2, 'La forma en que lleva a cabo el seguimiento de mi avance académico.', NULL, 1, NULL, NULL, '2017-01-21 12:02:25', NULL),
(95, 2, 'La forma en que está al pendiente de mi conducta y disciplina.', NULL, 1, NULL, NULL, '2017-01-21 12:02:25', NULL),
(96, 2, 'La forma en que dialoga conmigo y mis papás para que me ayuden a mejorar.', NULL, 1, NULL, NULL, '2017-01-21 12:02:25', NULL),
(97, 2, 'La forma en que utiliza los recursos tecnológicos', NULL, 1, NULL, NULL, '2017-01-21 12:02:25', NULL),
(98, 2, 'El nivel de conocimiento que tengo del Colegio (historia, vida y obra de sus fundadores, el ideario, la misión, visión y los valores).', NULL, 1, NULL, NULL, '2017-01-21 12:02:25', NULL),
(99, 2, 'Las amistades que he establecido a lo largo de mi estancia en el Colegio.', NULL, 1, NULL, NULL, '2017-01-21 12:02:25', NULL),
(100, 2, 'La forma en que me siento aceptado y valorado por mis compañeros de clase.', NULL, 1, NULL, NULL, '2017-01-21 12:02:25', NULL),
(101, 2, 'La forma respetuosa en la que me tratan mis compañeros.', NULL, 1, NULL, NULL, '2017-01-21 12:02:25', NULL),
(102, 2, 'Las disposiciones y sanciones que contempla el reglamento escolar.', NULL, 1, NULL, NULL, '2017-01-21 12:02:25', NULL),
(103, 2, 'La justicia y equidad en la aplicación del reglamento.', NULL, 1, NULL, NULL, '2017-01-21 12:02:25', NULL),
(104, 2, 'La vigilancia permanente del cumplimiento del reglamento.', NULL, 1, NULL, NULL, '2017-01-21 12:02:25', NULL),
(105, 2, 'El ambiente de disciplina que hay en el Colegio.', NULL, 1, NULL, NULL, '2017-01-21 12:02:25', NULL),
(106, 2, 'La vivencia y práctica de los valores por parte de los padres de familia del Colegio.', NULL, 1, NULL, NULL, '2017-01-21 12:02:25', NULL),
(107, 2, 'La vivencia y práctica de los valores por parte del personal del Colegio.', NULL, 1, NULL, NULL, '2017-01-21 12:02:25', NULL),
(108, 2, 'El interés que siento por venir al Colegio.', NULL, 1, NULL, NULL, '2017-01-21 12:02:25', NULL),
(109, 2, 'El orgullo que siento de pertenecer a este Colegio.', NULL, 1, NULL, NULL, '2017-01-21 12:02:25', NULL),
(110, 2, 'El espíritu de colaboración y compañerismo entre el personal.', NULL, 1, NULL, NULL, '2017-01-21 12:02:25', NULL),
(111, 2, 'El comportamiento y la disciplina de mis compañeros.', NULL, 1, NULL, NULL, '2017-01-21 12:02:25', NULL),
(112, 2, 'La igualdad en el trato que se da a todos los alumnos.', NULL, 1, NULL, NULL, '2017-01-21 12:02:25', NULL),
(113, 2, 'El nivel de confianza que tengo para expresar al personal del colegio mis problemas o preocupaciones.', NULL, 1, NULL, NULL, '2017-01-21 12:02:25', NULL),
(114, 2, 'El respeto que los alumnos demuestran por el personal del Colegio.', NULL, 1, NULL, NULL, '2017-01-21 12:02:25', NULL),
(115, 2, 'El respeto que el personal demuestra por los alumnos y padres de familia.', NULL, 1, NULL, NULL, '2017-01-21 12:02:25', NULL),
(116, 2, 'El respeto que los padres de familia demuestran por el personal del Colegio.', NULL, 1, NULL, NULL, '2017-01-21 12:02:25', NULL),
(117, 2, 'El respeto por los compañeros que tienen alguna discapacidad.', NULL, 1, NULL, NULL, '2017-01-21 12:02:25', NULL),
(118, 2, 'La atención y respuesta a las opiniones, quejas, preguntas o necesidades.', NULL, 1, NULL, NULL, '2017-01-21 12:02:25', NULL),
(119, 2, 'La disponibilidad y accesibilidad del personal para atender a los alumnos.', NULL, 1, NULL, NULL, '2017-01-21 12:02:25', NULL),
(120, 2, 'El interés del personal por mis preocupaciones o necesidades.', NULL, 1, NULL, NULL, '2017-01-21 12:02:25', NULL),
(121, 2, 'El trato amable y respetuoso del personal que nos atiende (directivo, secretaria, psicólogas, mantenimiento e indendencia).', NULL, 1, NULL, NULL, '2017-01-21 12:02:25', NULL),
(122, 2, 'El compromiso del colegio con la calidad y la mejora continua.', NULL, 1, NULL, NULL, '2017-01-21 12:02:25', NULL),
(123, 2, 'El apoyo y asesoría que me dan cuando tengo problemas académicos.', NULL, 1, NULL, NULL, '2017-01-21 12:02:25', NULL),
(124, 2, 'La organización para la entrada y salida de los alumnos.', NULL, 1, NULL, NULL, '2017-01-21 12:02:25', NULL),
(125, 2, 'El uniforme escolar.', NULL, 1, NULL, NULL, '2017-01-21 12:02:25', NULL),
(126, 2, 'Los libros y útiles escolares.', NULL, 1, NULL, NULL, '2017-01-21 12:02:25', NULL),
(127, 2, 'El Sistema Integral de Comunicación e Información SICI.', NULL, 1, NULL, NULL, '2017-01-21 12:02:25', NULL),
(128, 2, 'La Página Electrónica Institucional (www.cecac.edu.mx).', NULL, 1, NULL, NULL, '2017-01-21 12:02:25', NULL),
(129, 2, 'La Página de Facebook del Colegio.', NULL, 1, NULL, NULL, '2017-01-21 12:02:25', NULL),
(130, 2, 'La Plataforma EDUCAMOS.', NULL, 1, NULL, NULL, '2017-01-21 12:02:25', NULL),
(131, 2, 'El Programa de Escuela para Padres.', NULL, 1, NULL, NULL, '2017-01-21 12:02:25', NULL),
(132, 2, 'La biblioteca (contestar solo si se cuenta con el servicio).', NULL, 1, NULL, NULL, '2017-01-21 12:02:25', NULL),
(133, 2, 'El departamento o área de psicología.', NULL, 1, NULL, NULL, '2017-01-21 12:02:25', NULL),
(134, 2, 'El nivel académico del servicio educativo que recibo en comparación con otros colegios.', NULL, 1, NULL, NULL, '2017-01-21 12:02:25', NULL),
(135, 2, 'La participación y asistencia de los padres de familia en las actividades escolares.', NULL, 1, NULL, NULL, '2017-01-21 12:02:25', NULL),
(136, 2, 'El grado nutricional de los alimentos que ofrecen en la tiendita escolar.', NULL, 1, NULL, NULL, '2017-01-21 12:02:25', NULL),
(137, 2, 'La forma en que el Colegio mejoró en comparación con el año pasado.', NULL, 1, NULL, NULL, '2017-01-21 12:02:25', NULL),
(138, 2, 'Los baños.', NULL, 1, NULL, NULL, '2017-01-21 12:02:25', NULL),
(139, 2, 'Mi salón de clases.', NULL, 1, NULL, NULL, '2017-01-21 12:02:25', NULL),
(140, 2, 'Las áreas de descanso o recreo.', NULL, 1, NULL, NULL, '2017-01-21 12:02:25', NULL),
(141, 2, 'Las áreas verdes.', NULL, 1, NULL, NULL, '2017-01-21 12:02:25', NULL),
(142, 2, 'Las canchas.', NULL, 1, NULL, NULL, '2017-01-21 12:02:25', NULL),
(143, 2, 'Las condiciones del salón de computación.', NULL, 1, NULL, NULL, '2017-01-21 12:02:25', NULL),
(144, 2, 'Las condiciones del mobiliario (bancos, escritorios, pizarrones, etc.)', NULL, 1, NULL, NULL, '2017-01-21 12:02:25', NULL),
(145, 2, 'Las condiciones de los equipos (computadoras, grabadoras, proyectores y pantallas).', NULL, 1, NULL, NULL, '2017-01-21 12:02:25', NULL),
(146, 2, 'La iluminación de las áreas.', NULL, 1, NULL, NULL, '2017-01-21 12:02:25', NULL),
(147, 2, 'El nivel de ruido.', NULL, 1, NULL, NULL, '2017-01-21 12:02:25', NULL),
(148, 2, 'La limpieza de las instalaciones.', NULL, 1, NULL, NULL, '2017-01-21 12:02:25', NULL),
(149, 2, 'La temperatura ambiente del salón de clases.', NULL, 1, NULL, NULL, '2017-01-21 12:02:25', NULL),
(150, 2, 'El orden de los espacios y las distintas áreas.', NULL, 1, NULL, NULL, '2017-01-21 12:02:25', NULL),
(151, 2, 'Las condiciones de seguridad de las instalaciones.', NULL, 1, NULL, NULL, '2017-01-21 12:02:25', NULL),
(152, 2, 'Las mejoras que se han realizado a los edificios, mobiliarios y equipos.', NULL, 1, NULL, NULL, '2017-01-21 12:02:25', NULL),
(153, 4, '¿Estás inscrito en alguna de las actividades vespertinas que ofrece el CECAC? ', 'Si,No', 1, 1, NULL, '2017-01-29 03:49:21', NULL),
(154, 5, '¿Por qué motivo?', NULL, 0, NULL, 1, '2017-02-01 03:06:10', NULL),
(155, 2, 'Lo que he aprendido.', NULL, 0, NULL, NULL, '2017-02-01 03:04:12', NULL),
(156, 2, 'La experiencia y preparación que tiene el personal.', NULL, 0, NULL, NULL, '2017-02-01 03:04:16', NULL),
(157, 2, 'La puntualidad y asistencia del personal.', NULL, 0, NULL, NULL, '2017-02-01 03:04:18', NULL),
(158, 2, 'El interés que demuestra el maestro por los alumnos.', NULL, 0, NULL, NULL, '2017-02-01 03:04:24', NULL),
(159, 2, 'La forma en la que mantiene un ambiente de disciplina durante las actividades dentro y fuera del aula.', NULL, 0, NULL, NULL, '2017-02-01 03:04:23', NULL),
(160, 2, 'El agrado que siento por asistir a mis actividades.', NULL, 0, NULL, NULL, '2017-02-01 03:04:23', NULL),
(161, 2, 'La capacidad de atención y respuesta a las opiniones, quejas, preguntas o necesidades.', NULL, 0, NULL, NULL, '2017-02-01 03:04:22', NULL),
(162, 2, 'El trato amable y respetuoso del personal.', NULL, 0, NULL, NULL, '2017-02-01 03:04:21', NULL),
(163, 2, 'La organización para la entrada y salida de los alumnos.', NULL, 0, NULL, NULL, '2017-02-01 03:04:20', NULL),
(164, 2, 'La organización de eventos y actividades.', NULL, 0, NULL, NULL, '2017-02-01 03:04:20', NULL),
(165, 2, 'El cumplimiento del horario.', NULL, 0, NULL, NULL, '2017-02-01 03:04:19', NULL),
(166, 2, 'Las condiciones de los espacios físicos que se utilizan para el desarrollo de las actividades extracurriculares.', NULL, 0, NULL, NULL, '2017-02-01 03:04:18', NULL),
(167, 2, 'Las condiciones de seguridad.', NULL, 0, NULL, NULL, '2017-02-01 03:04:15', NULL),
(168, 2, 'El programa o plan de trabajo.', NULL, 0, NULL, NULL, '2017-02-01 03:04:53', NULL),
(169, 2, 'El nivel de satisfacción con lo aprendido.', NULL, 0, NULL, NULL, '2017-02-01 03:04:54', NULL),
(170, 2, 'La experiencia y preparación que tiene el personal para ejercer su función.', NULL, 0, NULL, NULL, '2017-02-01 03:04:55', NULL),
(171, 2, 'La puntualidad y asistencia del personal.', NULL, 0, NULL, NULL, '2017-02-01 03:04:56', NULL),
(172, 2, 'El interés que demuestra el maestro por los alumnos.', NULL, 0, NULL, NULL, '2017-02-01 03:04:57', NULL),
(173, 2, 'La forma en la que mantiene un ambiente de disciplina durante las actividades dentro y fuera del aula.', NULL, 0, NULL, NULL, '2017-02-01 03:04:57', NULL),
(174, 2, 'La forma en que nos retroalimentan del avance y logros.', NULL, 0, NULL, NULL, '2017-02-01 03:05:03', NULL),
(175, 2, 'La forma respetuosa en la que tratan los compañeros a su hijo.', NULL, 0, NULL, NULL, '2017-02-01 03:05:04', NULL),
(176, 2, 'El interés por asistir a sus actividades.', NULL, 0, NULL, NULL, '2017-02-01 03:05:05', NULL),
(177, 2, 'La capacidad de atención y respuesta a las opiniones, quejas, preguntas o necesidades.', NULL, 0, NULL, NULL, '2017-02-01 03:05:05', NULL),
(178, 2, 'El trato amable y respetuoso del personal.', NULL, 0, NULL, NULL, '2017-02-01 03:05:06', NULL),
(179, 2, 'El compromiso que reflejan con la calidad y la mejora continua.', NULL, 0, NULL, NULL, '2017-02-01 03:05:07', NULL),
(180, 2, 'La organización para la entrada y salida de los alumnos.', NULL, 0, NULL, NULL, '2017-02-01 03:05:08', NULL),
(181, 2, 'La organización de eventos y actividades.', NULL, 0, NULL, NULL, '2017-02-01 03:05:09', NULL),
(182, 2, 'El cumplimiento del horario.', NULL, 0, NULL, NULL, '2017-02-01 03:05:11', NULL),
(183, 2, 'La forma en que nos mantienen informados.', NULL, 0, NULL, NULL, '2017-02-01 03:05:12', NULL),
(184, 2, 'La calidad del servicio que recibo en comparación con otros.', NULL, 0, NULL, NULL, '2017-02-01 03:05:13', NULL),
(185, 2, 'El costo del servicio que recibo en comparación con otros.', NULL, 0, NULL, NULL, '2017-02-01 03:05:14', NULL),
(186, 2, 'Las condiciones de los espacios físicos que se utilizan para el desarrollo de las actividades extracurriculares.', NULL, 0, NULL, NULL, '2017-02-01 03:05:15', NULL),
(187, 2, 'Las condiciones de seguridad de las instalaciones.', NULL, 0, NULL, NULL, '2017-02-01 03:05:16', NULL),
(188, 4, '¿Su hijo(a) está inscrito en alguno de los servicios que ofrece el CECAC?', 'Si,No', 1, 4, NULL, '2017-01-29 04:52:47', NULL),
(189, 4, '¿Cuál?  Seleccione para calificar.', 'Estancia Infantil,Club Después de la Escuela,Club de Tareas,Centro de Idiomas', 0, 2, 1, '2017-02-01 03:02:27', NULL),
(190, 4, '¿Practicas alguna actividad extracurricular por las tardes o los fines de samana fuera de las que ofrece el CECAC?', 'Si,No', 1, 3, NULL, '2017-01-29 04:52:35', NULL),
(191, 5, '¿Cuál?', NULL, 0, NULL, NULL, '2017-02-01 03:05:57', NULL),
(192, 5, '¿Dónde?', NULL, 0, NULL, NULL, '2017-02-01 03:05:59', NULL),
(193, 6, '¿Cuál es la razón por la que tus padres eligieron este Colegio para tí?', NULL, 1, NULL, NULL, '2017-01-29 05:03:32', NULL),
(194, 4, '¿Recomendarías tu Colegio a un amigo/conocido/familiar?', 'Si,No', 1, NULL, NULL, '2017-01-29 05:03:44', NULL),
(195, 6, '¿Por qué?', NULL, 0, NULL, NULL, '2017-02-01 03:08:17', NULL),
(196, 6, 'Menciona el aspecto que más te agrade de nuestro Colegio:', NULL, 1, NULL, NULL, '2017-01-29 05:05:01', NULL),
(197, 6, 'Menciona el aspecto que consideres sea urgente e importante mejorar', NULL, 1, NULL, NULL, '2017-01-29 05:05:03', NULL),
(198, 4, '¿Si tuvieras oportunidad te cambiarías a otro Colegio?', 'Si,No', 1, 5, NULL, '2017-01-29 05:06:52', NULL),
(199, 5, '¿A cuál?', NULL, 0, NULL, NULL, '2017-02-01 03:08:08', NULL),
(200, 6, '¿Por qué motivo?', NULL, 0, NULL, 1, '2017-02-01 03:08:09', NULL),
(201, 10, 'Si usted opina que no estamos considerando un tema relevante le pedimos lo describa en el siguiente cuadro.', NULL, 0, NULL, NULL, '2017-01-29 05:12:00', NULL),
(202, 5, 'Tema:', NULL, 0, NULL, NULL, '2017-01-29 05:12:32', NULL),
(203, 6, 'Sugerencia:', NULL, 0, NULL, NULL, '2017-01-29 05:12:33', NULL),
(204, 9, '¿Cuál de las actividades vespertinas te agrada más?', 'Fútbol,Karate,Atletismo,Dibujo Cómics,Pintura Acuarela,Danza Folklórica,Básquetbol,Porristas,Ballet,Jazz,Guitarra,Mecatrónica,Violín,Ajedrez,Videojuegos', 0, NULL, NULL, '2017-02-01 23:13:12', NULL),
(205, 4, 'Selecciona una actividad en la que estás y quieras calificar en la sección de abajo:', 'Fútbol,Karate,Atletismo,Dibujo Cómics,Pintura Acuarela,Danza Folklórica,Básquetbol,Porristas,Ballet,Jazz,Guitarra,Mecatrónica,Violín,Ajedrez,Videojuegos', 0, NULL, NULL, '2017-02-01 23:13:21', NULL),
(206, 2, 'La formación integral que su hijo(a) recibe en el Colegio.', NULL, 1, NULL, NULL, '2017-02-08 00:26:30', NULL),
(207, 2, 'La forma en que la educación recibida en el Colegio enriquece la formación recibida en casa.', NULL, 1, NULL, NULL, '2017-02-08 00:26:36', NULL),
(208, 2, 'El grado en que la formación que recibe en el Colegio influye para que actúe como un agente de cambio en la familia y en su entorno.', NULL, 1, NULL, NULL, '2017-02-08 00:26:40', NULL),
(209, 2, 'La forma en que le enseñamos a vivir y practicar los valores.', NULL, 1, NULL, NULL, '2017-02-08 00:26:43', NULL),
(210, 2, 'La forma en que la clase de Educación de la Fe le ha ayudado a acercarse más a Dios.', NULL, 1, NULL, NULL, '2017-02-08 00:26:57', NULL),
(211, 2, 'La forma en que las Asesorías para clase de Educación en la Fe le han ayudado en su vida e impartición de la clase.', NULL, 1, NULL, NULL, '2017-02-08 00:27:02', NULL),
(212, 2, 'La congruencia entre los valores que promueve la Institución y lo que se vive.', NULL, 1, NULL, NULL, '2017-02-08 00:27:04', NULL),
(213, 2, 'La manera en que la formación católica les ha ayudado en su vida familiar.', NULL, 1, NULL, NULL, '2017-02-08 00:30:35', NULL),
(214, 2, 'La forma en que el Colegio les ayuda a sensibilizarse a las necesidades de los demás a través de su participación en obras de caridad, de ayuda o campañas de solidaridad.', NULL, 1, NULL, NULL, '2017-02-08 00:30:39', NULL),
(215, 2, 'La participación de su hijo(a) en los grupos apostólicos que promueve el Colegio (Vanclar, Movimiento Infantil y Juvenil Lasallista).', NULL, 1, NULL, NULL, '2017-02-08 00:30:48', NULL),
(216, 2, 'El nivel de satisfacción en el Programa Protege tu Corazón.', NULL, 1, NULL, NULL, '2017-02-08 00:31:02', NULL),
(217, 2, 'El crecimiento en la Fe que su hijo(a) ha experimentado al estar en un colegio católico.', NULL, 1, NULL, NULL, '2017-02-08 00:31:06', NULL),
(218, 2, 'El ambiente de colegio católico que proyecta nuestra Comunidad Educativa.', NULL, 1, NULL, NULL, '2017-02-08 00:31:09', NULL),
(219, 2, 'La oportunidad de formación en la fe para padres de familia: Diplomado en Teología, Escuela Bíblica.', NULL, 1, NULL, NULL, '2017-02-08 00:31:13', NULL),
(220, 2, 'El conocimiento que tienen del tipo de persona que la Institución desea formar (Perfil de Egreso).', NULL, 1, NULL, NULL, '2017-02-08 00:31:18', NULL),
(221, 2, 'El nivel de conocimiento que tienen del plan de estudios del grado y nivel que cursa su hijo.', NULL, 1, NULL, NULL, '2017-02-08 00:31:21', NULL),
(222, 2, 'El plan o programa de estudios del nivel y grado que cursa su hijo(a).', NULL, 1, NULL, NULL, '2017-02-08 00:31:39', NULL),
(223, 2, 'El conocimiento que tienen del enfoque y el modelo pedagógico (forma en la que enseña el maestro y en la que aprende el alumno) que promueve la Institución', NULL, 1, NULL, NULL, '2017-02-08 00:31:45', NULL),
(224, 2, 'La variedad de actividades (deportivas, culturales, recreativas, sociales, religiosas) en las que su hijo(a) participó en este ciclo escolar (visitas a otras escuelas, torneos, concursos, muestras, etc.)', NULL, 1, NULL, NULL, '2017-02-08 00:31:49', NULL),
(225, 2, 'El desarrollo de sus habilidades matemáticas.', NULL, 1, NULL, NULL, '2017-02-08 00:31:53', NULL),
(226, 2, 'El desarrollo de sus habilidades de investigación.', NULL, 1, NULL, NULL, '2017-02-08 00:31:57', NULL),
(227, 2, 'El desarrollo de sus habilidades de comunicación (hablar, leer, escuchar, escribir) en el idioma inglés.', NULL, 1, NULL, NULL, '2017-02-08 00:32:00', NULL),
(228, 2, 'El desarrollo de sus habilidades de comunicación (hablar, leer, escuchar, escribir) en el idioma español.', NULL, 1, NULL, NULL, '2017-02-08 00:32:04', NULL),
(229, 2, 'El desarrollo de sus habilidades para el uso de la computadora.', NULL, 1, NULL, NULL, '2017-02-08 00:32:07', NULL),
(230, 2, 'El desarrollo de sus habilidades físicas (educación física, deportes).', NULL, 1, NULL, NULL, '2017-02-08 00:32:15', NULL),
(231, 2, 'El desarrollo de sus habilidades artísticas.', NULL, 1, NULL, NULL, '2017-02-08 00:35:06', NULL),
(232, 2, 'El nivel de desarrollo de sus habilidades del pensamiento.', NULL, 1, NULL, NULL, '2017-02-08 00:35:09', NULL),
(233, 2, 'El desarrollo de sus habilidades para aprender a aprender.', NULL, 1, NULL, NULL, '2017-02-08 00:35:13', NULL),
(234, 2, 'La forma en que la escuela apoya la formación en hábitos para sus cuidado personal, de la salud y del medio ambiente.', NULL, 1, NULL, NULL, '2017-02-08 00:35:21', NULL),
(235, 2, 'El desarrollo de hábitos de estudio.', NULL, 1, NULL, NULL, '2017-02-08 00:35:24', NULL),
(236, 2, 'La orientación que recibo para atender los problemas o situaciones que su hijo(a) enfrenta durante su proceso de formación.', NULL, 1, NULL, NULL, '2017-02-08 00:35:29', NULL),
(237, 2, 'La forma en que sus maestros se preocupan y le ayudan a relacionarse mejor.', NULL, 1, NULL, NULL, '2017-02-08 00:35:32', NULL),
(238, 2, 'La forma en que le enseñan ha favorecido para desarrollar su creatividad.', NULL, 1, NULL, NULL, '2017-02-08 00:35:35', NULL),
(239, 2, 'La forma en que el colegio le ha ayudado a mejorar en su desarrollo social y personal.', NULL, 1, NULL, NULL, '2017-02-08 00:35:37', NULL),
(240, 2, 'La preparación que recibió en este ciclo escolar para ingresar al siguiente grado o nivel.', NULL, 1, NULL, NULL, '2017-02-08 00:35:42', NULL),
(241, 2, 'La forma en que planean y organizan las tareas y horas de estudio en casa.', NULL, 1, NULL, NULL, '2017-02-08 00:40:01', NULL),
(242, 2, 'La forma en que han mejorado los planes y programas de estudio.', NULL, 1, NULL, NULL, '2017-02-08 00:40:25', NULL),
(243, 2, 'La experiencia y preparación que tiene para ejercer su función.', NULL, 1, NULL, NULL, '2017-02-08 00:40:51', NULL),
(244, 2, 'La presentación personal.', NULL, 1, NULL, NULL, '2017-02-08 00:42:27', NULL),
(245, 2, 'La puntualidad y asistencia a sus compromisos de trabajo ( juntas, actividades extracurriculares, clase diaria, etc.).', NULL, 1, NULL, NULL, '2017-02-08 00:43:23', NULL),
(246, 2, 'La actitud que demuestra en relación a su profesión.', NULL, 1, NULL, NULL, '2017-02-08 00:46:09', NULL),
(247, 2, 'La forma en que recibe las sugerencias, opiniones o quejas realizadas por alumnos o padres de familia.', NULL, 1, NULL, NULL, '2017-02-08 00:46:09', NULL),
(248, 2, 'La habilidad que tiene para motivarnos a realizar nuestro mejor esfuerzo como padres de familia.', NULL, 1, NULL, NULL, '2017-02-08 00:46:09', NULL),
(249, 2, 'El agrado que demuestra mi hijo(a) por la forma en que da sus clases.', NULL, 1, NULL, NULL, '2017-02-08 00:46:09', NULL),
(250, 2, 'La forma en que evalúa y asigna calificaciones.', NULL, 1, NULL, NULL, '2017-02-08 00:46:09', NULL),
(251, 2, 'La capacidad de respuesta a nuestras inquietudes y dudas.', NULL, 1, NULL, NULL, '2017-02-08 00:46:09', NULL),
(252, 2, 'La forma en que se relaciona con los padres de familia.', NULL, 1, NULL, NULL, '2017-02-08 00:46:09', NULL),
(253, 2, 'La forma en que promueve que los padres de familia del grupo participen.', NULL, 1, NULL, NULL, '2017-02-08 00:46:09', NULL),
(254, 2, 'El interés que demuestra el maestro por mi hijo(a).', NULL, 1, NULL, NULL, '2017-02-08 00:46:09', NULL),
(255, 2, 'La forma en que ha ayudado a mi hijo(a) a aprender a estudiar.', NULL, 1, NULL, NULL, '2017-02-08 00:46:09', NULL),
(256, 2, 'El apoyo y comprensión que he recibido del maestro durante este ciclo escolar.', NULL, 1, NULL, NULL, '2017-02-08 00:46:09', NULL),
(257, 2, 'La forma respetuosa en la que trata a mi hijo(a), aún y cuando le llama la atención.', NULL, 1, NULL, NULL, '2017-02-08 00:46:09', NULL),
(258, 2, 'La forma en la que mantiene un ambiente de disciplina durante las actividades dentro y fuera del aula.', NULL, 1, NULL, NULL, '2017-02-08 00:46:09', NULL),
(259, 2, 'La forma en que organiza y revisa las tareas.', NULL, 1, NULL, NULL, '2017-02-08 00:46:09', NULL),
(260, 2, 'La forma en que lleva a cabo revisiones periódicas del avance académico de mi hijo(a).', NULL, 1, NULL, NULL, '2017-02-08 00:46:09', NULL),
(261, 2, 'La forma en que lleva a cabo revisiones periódicas del avance disciplinario de mi hijo(a).', NULL, 1, NULL, NULL, '2017-02-08 00:46:09', NULL),
(262, 2, 'La forma en que dialoga con nosotros para definir juntos estrategias que le ayuden a mejorar.', NULL, 1, NULL, NULL, '2017-02-08 00:46:09', NULL),
(263, 2, 'El conocimiento que tengo de la metodología y criterios que aplica el maestro para evaluar.', NULL, 1, NULL, NULL, '2017-02-08 00:46:09', NULL),
(264, 2, 'El modo en el que conduce las entrevistas con los padres de familia', NULL, 1, NULL, NULL, '2017-02-08 00:46:09', NULL),
(265, 2, 'El ambiente de convivencia entre los miembros de la Comunidad Educativa: personal, padres de familia y alumnos.', NULL, 1, NULL, NULL, '2017-02-08 00:46:09', NULL),
(266, 2, 'Las amistades que mi hijo(a) ha establecido a lo largo de su estancia en el Colegio.', NULL, 1, NULL, NULL, '2017-02-08 00:46:09', NULL),
(267, 2, 'La forma en que se siente aceptado y valorado por sus compañeros de clases.', NULL, 1, NULL, NULL, '2017-02-08 00:46:09', NULL),
(268, 2, 'La forma respetuosa en la que lo tratan sus compañeros de salón.', NULL, 1, NULL, NULL, '2017-02-08 00:46:09', NULL),
(269, 2, 'Las disposiciones y sanciones que contempla el reglamento escolar.', NULL, 1, NULL, NULL, '2017-02-08 00:46:09', NULL),
(270, 2, 'La justicia y equidad en la aplicación del reglamento.', NULL, 1, NULL, NULL, '2017-02-08 00:47:41', NULL),
(271, 2, 'La vigilancia permanente del cumplimiento del reglamento.', NULL, 1, NULL, NULL, '2017-02-08 00:47:41', NULL),
(272, 2, 'El conocimiento que tengo del estilo de disciplina que el Colegio promueve.', NULL, 1, NULL, NULL, '2017-02-08 00:47:41', NULL),
(273, 2, 'El ambiente de disciplina que hay en el Colegio.', NULL, 1, NULL, NULL, '2017-02-08 00:47:41', NULL),
(274, 2, 'La vivencia y práctica de los valores por parte de los padres de familia del Colegio.', NULL, 1, NULL, NULL, '2017-02-08 00:47:41', NULL),
(275, 2, 'La vivencia y práctica de los valores por parte del personal del Colegio.', NULL, 1, NULL, NULL, '2017-02-08 00:47:41', NULL),
(276, 2, 'El interés que mi hijo(a) demuestra por venir al Colegio.', NULL, 1, NULL, NULL, '2017-02-08 00:47:41', NULL),
(277, 2, 'El orgullo que siento de pertenecer a este Colegio.', NULL, 1, NULL, NULL, '2017-02-08 00:47:41', NULL),
(278, 2, 'El espíritu de colaboración y compañerismo entre el personal y los padres de familia del Colegio.', NULL, 1, NULL, NULL, '2017-02-08 00:47:41', NULL),
(279, 2, 'El comportamiento y la disciplina de los alumnos del Colegio.', NULL, 1, NULL, NULL, '2017-02-08 00:47:41', NULL),
(280, 2, 'La igualdad en el trato que se da a todos los alumnos.', NULL, 1, NULL, NULL, '2017-02-08 00:47:41', NULL),
(281, 2, 'El respeto que los alumnos demuestran por el personal del Colegio.', NULL, 1, NULL, NULL, '2017-02-08 00:47:41', NULL),
(282, 2, 'El respeto que el personal demuestra por los alumnos y padres de familia.', NULL, 1, NULL, NULL, '2017-02-08 00:47:41', NULL),
(283, 2, 'El respeto que los padres de familia demuestran por el personal del Colegio.', NULL, 1, NULL, NULL, '2017-02-08 18:40:27', NULL),
(284, 2, 'El respeto por los alumnos con alguna discapacidad.', NULL, 1, NULL, NULL, '2017-02-08 18:45:00', NULL),
(285, 2, 'El nivel de conocimiento que tengo del Colegio (historia, vida y obra de sus fundadores, el ideario, la misión, visión y los valores).', NULL, 1, NULL, NULL, '2017-02-08 18:45:00', NULL),
(286, 2, 'La forma en que me siento identificado con la filosofía institucional.', NULL, 1, NULL, NULL, '2017-02-08 18:49:46', NULL),
(287, 2, 'El contar con alumnos de necesidades educativas especiales como compañeros de mi hijo(a).', NULL, 1, NULL, NULL, '2017-02-08 18:49:46', NULL),
(288, 2, 'Los medios o canales que tienen para atender mis necesidades, quejas o sugerencias, o solicitudes de información.', NULL, 1, NULL, NULL, '2017-02-08 18:49:46', NULL),
(289, 2, 'La capacidad de atención y respuesta del Colegio a las opiniones, quejas, preguntas o necesidades.', NULL, 1, NULL, NULL, '2017-02-08 18:49:46', NULL),
(290, 2, 'La disponibilidad y accesibilidad del personal para atender a los padres de familia.', NULL, 1, NULL, NULL, '2017-02-08 18:49:46', NULL),
(291, 2, 'El interés del personal por mis preocupaciones o necesidades.', NULL, 1, NULL, NULL, '2017-02-08 18:49:46', NULL),
(292, 2, 'El trato amable y respetuoso del personal que los atiende (directivo, administrativo, secretaria, psicólogas, mantenimiento e indendencia).', NULL, 1, NULL, NULL, '2017-02-08 18:49:46', NULL),
(293, 2, 'La percepción que tengo de que lo más importante para el personal del Colegio son los alumnos.', NULL, 1, NULL, NULL, '2017-02-08 18:49:46', NULL),
(294, 2, 'El compromiso de la Institución con la calidad y la mejora continua.', NULL, 1, NULL, NULL, '2017-02-08 18:49:46', NULL),
(295, 2, 'La organización para la entrada y salida de los alumnos.', NULL, 1, NULL, NULL, '2017-02-08 18:49:46', NULL),
(296, 2, 'La organización de eventos y actividades.', NULL, 1, NULL, NULL, '2017-02-08 18:49:46', NULL),
(297, 2, 'El uniforme escolar.', NULL, 1, NULL, NULL, '2017-02-08 18:49:46', NULL),
(298, 2, 'Los libros y útiles escolares.', NULL, 1, NULL, NULL, '2017-02-08 18:49:46', NULL),
(299, 2, 'El Sistema Integral de Comunicación e Información SICI.', NULL, 1, NULL, NULL, '2017-02-08 18:49:46', NULL),
(300, 2, 'La Página Electrónica Institucional (www.cecac.edu.mx).', NULL, 1, NULL, NULL, '2017-02-08 18:49:46', NULL),
(301, 2, 'La Página de Facebook del Colegio.', NULL, 1, NULL, NULL, '2017-02-08 18:49:46', NULL),
(302, 2, 'La Plataforma EDUCAMOS.', NULL, 1, NULL, NULL, '2017-02-08 18:49:46', NULL),
(303, 2, 'El servicio de atención telefónica.', NULL, 1, NULL, NULL, '2017-02-08 18:49:46', NULL),
(304, 2, 'El Programa de Escuela para Padres.', NULL, 1, NULL, NULL, '2017-02-08 18:49:46', NULL),
(305, 2, 'El Programa de Salud y Nutrición.', NULL, 1, NULL, NULL, '2017-02-08 18:49:46', NULL),
(306, 2, 'La biblioteca (contestar solo si se cuenta con el servicio).', NULL, 1, NULL, NULL, '2017-02-08 18:49:46', NULL),
(307, 2, 'El departamento o área de psicología.', NULL, 1, NULL, NULL, '2017-02-08 18:49:46', NULL),
(308, 2, 'El Club Después de la Escuela (antes CEDECU).', NULL, 1, NULL, NULL, '2017-02-08 18:49:46', NULL),
(309, 2, 'El Centro de Idiomas.', NULL, 1, NULL, NULL, '2017-02-08 18:49:46', NULL),
(310, 2, 'La Estancia Infantil.', NULL, 1, NULL, NULL, '2017-02-08 18:49:46', NULL),
(311, 2, 'El Club de Tareas.', NULL, 1, NULL, NULL, '2017-02-08 18:52:16', NULL),
(312, 2, 'El trabajo realizado por la Sociedad de Padres de Familia.', NULL, 1, NULL, NULL, '2017-02-08 18:52:16', NULL),
(313, 2, 'El cumplimiento del horario de clases.', NULL, 1, NULL, NULL, '2017-02-08 18:52:16', NULL),
(314, 2, 'La información emitida por el Colegio a través de circulares.', NULL, 1, NULL, NULL, '2017-02-08 18:52:16', NULL),
(315, 2, 'El nivel de cumplimiento del Calendario Escolar Institucional.', NULL, 1, NULL, NULL, '2017-02-08 18:52:16', NULL),
(316, 2, 'El proceso de inscripción y/o reinscripción.', NULL, 1, NULL, NULL, '2017-02-08 18:52:16', NULL),
(317, 2, 'La información recibida al ingresar al Colegio o al siguiente grado o nivel.', NULL, 1, NULL, NULL, '2017-02-08 18:52:16', NULL),
(318, 2, 'Las juntas de entrega de calificaciones.', NULL, 1, NULL, NULL, '2017-02-08 18:52:16', NULL),
(319, 2, 'El servicio de caja.', NULL, 1, NULL, NULL, '2017-02-08 18:52:16', NULL),
(320, 2, 'El horario de atención del Colegio a padres de familia.', NULL, 1, NULL, NULL, '2017-02-08 18:52:16', NULL),
(321, 2, 'El horario de atención de la unidad administrativa a padres de familia.', NULL, 1, NULL, NULL, '2017-02-08 18:52:16', NULL),
(322, 2, 'El nivel académico del servicio educativo que recibo en comparación con otros colegios.', NULL, 1, NULL, NULL, '2017-02-08 18:52:16', NULL),
(323, 2, 'El costo del colegio en comparación con otros.', NULL, 1, NULL, NULL, '2017-02-08 18:52:16', NULL),
(324, 2, 'El apoyo que ofrece el Colegio a través de charlas, cursos, conferencia a los padres de familia para su formación y actualización como los principales responsables de la formación de sus hijos.', NULL, 1, NULL, NULL, '2017-02-08 18:52:16', NULL),
(325, 2, 'La participación y asistencia de los padres de familia en las actividades escolares.', NULL, 1, NULL, NULL, '2017-02-08 18:52:16', NULL),
(326, 2, 'La seguridad de los alumnos en el Colegio.', NULL, 1, NULL, NULL, '2017-02-08 18:52:16', NULL),
(327, 2, 'El grado nutricional de los alimentos que ofrecen en la tiendita escolar.', NULL, 1, NULL, NULL, '2017-02-08 18:52:16', NULL),
(328, 2, 'La forma en que el colegio ha mejorado.', NULL, 1, NULL, NULL, '2017-02-08 18:52:16', NULL),
(329, 2, 'La fachada de las instalaciones.', NULL, 1, NULL, NULL, '2017-02-08 18:52:16', NULL),
(330, 2, 'Las condiciones de los baños.', NULL, 1, NULL, NULL, '2017-02-08 18:52:16', NULL),
(331, 2, 'De los salones de clases.', NULL, 1, NULL, NULL, '2017-02-08 18:52:16', NULL),
(332, 2, 'De las áreas recreativas.', NULL, 1, NULL, NULL, '2017-02-08 18:52:16', NULL),
(333, 2, 'De las áreas verdes.', NULL, 1, NULL, NULL, '2017-02-08 18:52:16', NULL),
(334, 2, 'De las canchas.', NULL, 1, NULL, NULL, '2017-02-08 18:52:16', NULL),
(335, 2, 'De las áreas exteriores.', NULL, 1, NULL, NULL, '2017-02-08 18:52:16', NULL),
(336, 2, 'Del salón de computación.', NULL, 1, NULL, NULL, '2017-02-08 18:52:16', NULL),
(337, 2, 'Del laboratorio de ciencias.', NULL, 1, NULL, NULL, '2017-02-08 18:52:16', NULL),
(338, 2, 'Del mobiliario (bancos, escritorios, pizarrones, etc.).', NULL, 1, NULL, NULL, '2017-02-08 18:52:16', NULL),
(339, 2, 'De los equipos (computadoras, grabadoras, proyectores, pantallas).', NULL, 1, NULL, NULL, '2017-02-08 18:52:16', NULL),
(340, 2, 'La iluminación de las áreas.', NULL, 1, NULL, NULL, '2017-02-08 18:52:16', NULL),
(341, 2, 'El nivel de ruido.', NULL, 1, NULL, NULL, '2017-02-08 18:52:16', NULL),
(342, 2, 'La limpieza de las instalaciones.', NULL, 1, NULL, NULL, '2017-02-08 18:52:16', NULL),
(343, 2, 'La temperatura ambiente del salón de clases.', NULL, 1, NULL, NULL, '2017-02-08 18:52:16', NULL),
(344, 2, 'El orden de los espacios y las distintas áreas.', NULL, 1, NULL, NULL, '2017-02-08 18:52:16', NULL),
(345, 2, 'Las condiciones de seguridad de las instalaciones.', NULL, 1, NULL, NULL, '2017-02-08 18:52:16', NULL),
(346, 2, 'La congruencia del tipo de instalaciones con el servicio educativo que se ofrece.', NULL, 1, NULL, NULL, '2017-02-08 18:52:16', NULL),
(347, 2, 'La suficiencia de las instalaciones para la atención adecuada de los alumnos y sus familiares.', NULL, 1, NULL, NULL, '2017-02-08 18:52:16', NULL),
(348, 2, 'Las mejoras que se han realizado a los edificios, mobiliarios y equipos.', NULL, 1, NULL, NULL, '2017-02-08 18:52:16', NULL);

-- --------------------------------------------------------

--
-- Estructura de tabla para la tabla `questions_type`
--

CREATE TABLE `questions_type` (
  `id` int(11) NOT NULL,
  `name` varchar(100) COLLATE utf8_spanish_ci NOT NULL,
  `high_rank` int(11) NOT NULL,
  `na_active` int(11) NOT NULL,
  `typehead_type` int(11) DEFAULT NULL
) ENGINE=InnoDB DEFAULT CHARSET=utf8 COLLATE=utf8_spanish_ci;

--
-- Volcado de datos para la tabla `questions_type`
--

INSERT INTO `questions_type` (`id`, `name`, `high_rank`, `na_active`, `typehead_type`) VALUES
(1, 'Escala Calificación 1', 3, 0, NULL),
(2, 'Escala Calificación 2', 5, 1, NULL),
(3, 'Escala Calificación 3', 10, 0, NULL),
(4, 'Selector', 0, 0, NULL),
(5, 'Abierta corta', 0, 0, NULL),
(6, 'Abierta larga', 0, 0, NULL),
(7, 'Autocompletar Basic', 0, 0, 1),
(8, 'Autocompletar Maestros', 0, 0, 2),
(9, 'Select2 múltiple', 0, 0, NULL),
(10, 'Texto Plano', 0, 0, NULL),
(11, 'Checkbox múltiple', 0, 0, NULL);

-- --------------------------------------------------------

--
-- Estructura de tabla para la tabla `rols`
--

CREATE TABLE `rols` (
  `id` int(11) UNSIGNED NOT NULL,
  `name` varchar(255) COLLATE utf8_spanish_ci NOT NULL,
  `description` varchar(255) COLLATE utf8_spanish_ci NOT NULL DEFAULT '',
  `level` int(11) NOT NULL,
  `create_at` timestamp NOT NULL DEFAULT CURRENT_TIMESTAMP ON UPDATE CURRENT_TIMESTAMP
) ENGINE=InnoDB DEFAULT CHARSET=utf8 COLLATE=utf8_spanish_ci;

--
-- Volcado de datos para la tabla `rols`
--

INSERT INTO `rols` (`id`, `name`, `description`, `level`, `create_at`) VALUES
(1, 'Administrador', 'Control total del sistema.', 1, '2017-01-29 01:55:42'),
(2, 'Supervisor', 'Ver resultados de ambos colegios.', 2, '2017-01-29 01:55:45'),
(3, 'Director CILAC', 'Ver resultados del colegio CILAC.', 3, '2017-01-29 01:55:47'),
(4, 'Director La Salle', 'Ver resultados del colegio La Salle.', 3, '2017-01-29 01:55:48');

-- --------------------------------------------------------

--
-- Estructura de tabla para la tabla `rules`
--

CREATE TABLE `rules` (
  `id` int(11) UNSIGNED NOT NULL,
  `action` varchar(1000) COLLATE utf8_unicode_ci DEFAULT NULL
) ENGINE=InnoDB DEFAULT CHARSET=utf8 COLLATE=utf8_unicode_ci;

--
-- Volcado de datos para la tabla `rules`
--

INSERT INTO `rules` (`id`, `action`) VALUES
(1, '1:show question_id=189,hide question_id=154;2:show question_id=154,hide question_id=189'),
(2, '1:show group_question=1;2:show group_question=2;3:show group_question=3;4:show group_question=4'),
(3, '1:show group_question=9;2:hide group_question=9'),
(4, '1:show question_id=189,hide question_id=154;2:show question_id=154,hide question_id=189'),
(5, '1:show group_question=1;2:show group_question=2;3:show group_question=3;4:show group_question=4');

-- --------------------------------------------------------

--
-- Estructura de tabla para la tabla `schools`
--

CREATE TABLE `schools` (
  `id` int(11) UNSIGNED NOT NULL,
  `name` varchar(255) COLLATE utf8_spanish_ci NOT NULL,
  `create_at` timestamp NOT NULL DEFAULT CURRENT_TIMESTAMP ON UPDATE CURRENT_TIMESTAMP,
  `update_at` timestamp NULL DEFAULT NULL
) ENGINE=InnoDB DEFAULT CHARSET=utf8 COLLATE=utf8_spanish_ci;

--
-- Volcado de datos para la tabla `schools`
--

INSERT INTO `schools` (`id`, `name`, `create_at`, `update_at`) VALUES
(1, 'Isabel la Católica', '2017-01-18 06:23:22', NULL),
(2, 'La Salle', '2017-01-18 06:23:22', NULL);

-- --------------------------------------------------------

--
-- Estructura de tabla para la tabla `sections`
--

CREATE TABLE `sections` (
  `id` int(11) UNSIGNED NOT NULL,
  `name` varchar(255) COLLATE utf8_spanish_ci NOT NULL,
  `description` text COLLATE utf8_spanish_ci,
  `category_id` int(11) UNSIGNED DEFAULT NULL,
  `comments_required` int(1) DEFAULT '1',
  `questions_ids` text COLLATE utf8_spanish_ci,
  `create_at` timestamp NOT NULL DEFAULT CURRENT_TIMESTAMP ON UPDATE CURRENT_TIMESTAMP
) ENGINE=InnoDB DEFAULT CHARSET=utf8 COLLATE=utf8_spanish_ci;

--
-- Volcado de datos para la tabla `sections`
--

INSERT INTO `sections` (`id`, `name`, `description`, `category_id`, `comments_required`, `questions_ids`, `create_at`) VALUES
(7, 'Generales - Alum_Pmayor', 'A continuación se describen las seis dimensiones del servicio educativo a evaluar. En la columna de CALIFICACIÓN anote en cada cuadro cómo calificaría cada dimensión (del 1 al 10, donde 10 es la mejor calificación).', 1, 0, '39,40,41,42,43,44,45', '2017-01-31 01:11:08'),
(8, 'Formacion HC - Alum_Pmayor', 'Lea con atención cada enunciado y elija, de la ESCALA DE VALORACIÓN, la que mejor refleje su sentir. Le solicitamos, de la manera más atenta, que para aquellas características que evalúe de insatisfacción o mucha insatisfacción nos describa brevemente, en el espacio de comentarios, la razón.', 2, 1, '46,47,48,49,50,51,52,53', '2017-01-21 12:02:25'),
(9, 'Formación Acad.  - Alum_Pmayor', NULL, 3, 1, '54,55,56,57,58,59,60,61,62,63,64,65,66,67,68,69,70,71,72,73', '2017-01-21 12:02:25'),
(10, 'Personal Docente  - Alum_Pmayor', NULL, 4, 1, '74,75,76,77,78,79,80,81,82,83,84,85,86,87,88,89,90,91,92,93,94,95,97', '2017-01-21 12:02:25'),
(11, 'Clima Escolar  - Alum_Pmayor', NULL, 5, 1, '98,99,100,101,102,103,104,105,106,107,108,109,110,111,112,113,114,115,116,117', '2017-01-21 12:02:25'),
(12, 'Atn Alumnos - Alum_Pmayor', NULL, 6, 1, '118,119,120,121,122,123,124,125,126,127,128,129,130,131,132,133,134,135,136,137', '2017-01-21 12:02:25'),
(13, 'Instalaciones  - Alum_Pmayor', NULL, 7, 1, '138,139,140,141,142,143,144,145,146,147,148,149,150,151,152', '2017-01-21 12:02:25'),
(14, 'Actividades Vesp. - Alum_Pmayor', NULL, 8, 0, '153,189,group_1,group_2,group_3,group_4,154,190,group_9', '2017-01-29 04:53:42'),
(15, 'Abiertas - Alum_Pmayor', NULL, 9, 0, '193,194,195,196,197,198,group_10,201,202,203', '2017-01-29 05:18:28'),
(16, 'Generales - Alum_Pmayor', 'A continuación se describen las seis dimensiones del servicio educativo a evaluar. En la columna de CALIFICACIÓN anote en cada cuadro cómo calificaría cada dimensión (del 1 al 10, donde 10 es la mejor calificación).', 1, 0, '39,40,41,42,43,44,45', '2017-01-31 01:11:08'),
(17, 'Formacion HC - Alum_Secundaria', 'Lea con atención cada enunciado y elija, de la ESCALA DE VALORACIÓN, la que mejor refleje su sentir. Le solicitamos, de la manera más atenta, que para aquellas características que evalúe de insatisfacción o mucha insatisfacción nos describa brevemente, en el espacio de comentarios, la razón.', 2, 1, '46,47,48,49,50,51,52,53', '2017-02-07 23:45:26'),
(18, 'Formación Acad. - Alum_Secundaria', NULL, 3, 1, '54,55,56,57,58,59,60,61,62,63,64,65,66,67,68,69,70,71,72,73', '2017-02-07 23:45:26'),
(19, 'Personal Docente  - Alum_Secundaria', NULL, 4, 1, '74,75,76,77,78,79,80,81,82,83,84,85,86,87,88,89,90,91,92,93,94,95,97', '2017-02-07 23:45:26'),
(20, 'Clima Escolar  - Alum_Secundaria', NULL, 5, 1, '98,99,100,101,102,103,104,105,106,107,108,109,110,111,112,113,114,115,116,117', '2017-02-07 23:45:26'),
(21, 'Atn Alumnos - Alum_Secundaria', NULL, 6, 1, '118,119,120,121,122,123,124,125,126,127,128,129,130,131,132,133,134,135,136,137', '2017-02-07 23:45:26'),
(22, 'Instalaciones  - Alum_Secundaria', NULL, 7, 1, '138,139,140,141,142,143,144,145,146,147,148,149,150,151,152', '2017-02-07 23:45:26'),
(23, 'Actividades Vesp. - Alum_Secundaria', NULL, 8, 0, '153,189,group_1,group_2,group_3,group_4,154,190,group_9', '2017-02-07 23:45:26'),
(24, 'Abiertas - Alum_Secundaria', NULL, 9, 0, '193,194,195,196,197,198,group_10,201,202,203', '2017-02-07 23:45:26'),
(25, 'Generales - Padre_Familia', 'A continuación se describen las seis dimensiones del servicio educativo a evaluar. En la columna de CALIFICACIÓN anote en cada cuadro cómo calificaría cada dimensión (del 1 al 10, donde 10 es la mejor calificación).', 1, 0, '39,40,41,42,43,44,45', '2017-02-07 23:45:26'),
(26, 'Formacion HC - Padre_Familia', 'Lea con atención cada enunciado y elija, de la ESCALA DE VALORACIÓN, la que mejor refleje su sentir. Le solicitamos, de la manera más atenta, que para aquellas características que evalúe de insatisfacción o mucha insatisfacción nos describa brevemente, en el espacio de comentarios, la razón.', 2, 1, '206,207,208,209,210,211,212,213,214,215,216,217,218,219', '2017-02-07 23:45:26'),
(27, 'Formación Acad.  - Padre_Familia', NULL, 3, 1, '220,221,222,223,224,225,226,227,228,229,230,231,232,233,234,235,236,237,238,239,240,241,242', '2017-02-07 23:45:26'),
(28, 'Personal Docente  - Padre_Familia', NULL, 4, 1, '243,244,245,246,247,248,249,250,251,252,253,254,255,256,257,258,259,260,261,262,263,264', '2017-02-07 23:45:26'),
(29, 'Clima Escolar  - Padre_Familia', NULL, 5, 1, '265,266,267,268,269,270,280,281,282,283,284,285,286,287', '2017-02-07 23:45:26'),
(30, 'Atn PdF 1  - Padre_Familia', NULL, 6, 1, '288,289,290,291,292,293,294,295,296,297,298,299,300,301,302,303,304,305,306,307', '2017-02-07 23:45:26'),
(31, 'Atn PdF 2  - Padre_Familia', NULL, 6, 1, '308,309,310,311,312,313,314,315,316,317,318,319,320,321,322,323,324,325,326,327,328', '2017-02-07 23:45:26'),
(32, 'Instalaciones  - Padre_Familia', NULL, 7, 1, '329,330,331,332,333,334,335,336,337,338,339,340,341,342,343,344,345,346,347,348', '2017-02-07 23:45:26'),
(33, 'Actividades Vesp. - Padre_Familia', NULL, 8, 0, NULL, '2017-01-21 12:02:25'),
(34, 'Abiertas - Padre_Familia', NULL, 9, 0, NULL, '2017-01-21 12:02:25'),
(35, 'Generales - Empleados', 'A continuación se describen las seis dimensiones del servicio educativo a evaluar. En la columna de CALIFICACIÓN anote en cada cuadro cómo calificaría cada dimensión (del 1 al 10, donde 10 es la mejor calificación).', 1, 0, NULL, '2017-01-21 12:02:25'),
(36, 'Formacion HC - Empleados', 'Lea con atención cada enunciado y elija, de la ESCALA DE VALORACIÓN, la que mejor refleje su sentir. Le solicitamos, de la manera más atenta, que para aquellas características que evalúe de insatisfacción o mucha insatisfacción nos describa brevemente, en el espacio de comentarios, la razón.', 2, 1, NULL, '2017-01-21 12:02:25'),
(37, 'Formación Acad.  - Empleados', NULL, 3, 1, NULL, '2017-01-21 12:02:25'),
(38, 'Personal Docente  - Empleados', NULL, 4, 1, NULL, '2017-01-21 12:02:25'),
(39, 'Clima Escolar  - Empleados', NULL, 5, 1, NULL, '2017-01-21 12:02:25'),
(40, 'Atn PdF 1  - Empleados', NULL, 6, 1, NULL, '2017-01-21 12:02:25'),
(41, 'Atn PdF 2  - Empleados', NULL, 6, 1, NULL, '2017-01-21 12:02:25'),
(42, 'Instalaciones  - Empleados', NULL, 7, 1, NULL, '2017-01-21 12:02:25'),
(43, 'Actividades Vesp. - Empleados', NULL, 8, 0, NULL, '2017-01-21 12:02:25');

-- --------------------------------------------------------

--
-- Estructura de tabla para la tabla `sectors`
--

CREATE TABLE `sectors` (
  `id` int(11) NOT NULL,
  `name` varchar(255) COLLATE utf8_spanish_ci NOT NULL,
  `schools_id` int(11) NOT NULL,
  `create_at` timestamp NOT NULL DEFAULT CURRENT_TIMESTAMP ON UPDATE CURRENT_TIMESTAMP
) ENGINE=InnoDB DEFAULT CHARSET=utf8 COLLATE=utf8_spanish_ci;

--
-- Volcado de datos para la tabla `sectors`
--

INSERT INTO `sectors` (`id`, `name`, `schools_id`, `create_at`) VALUES
(1, 'ICB', 1, '2017-01-17 18:00:00'),
(2, 'ICA', 1, '2017-01-17 18:00:00'),
(3, 'ICC', 1, '2017-01-17 18:00:00'),
(4, 'ICD', 1, '2017-01-17 18:00:00'),
(5, 'LSB', 2, '2017-01-17 18:00:00'),
(6, 'LSC', 2, '2017-01-17 18:00:00'),
(7, 'FGS', 2, '2017-01-17 18:00:00');

-- --------------------------------------------------------

--
-- Estructura de tabla para la tabla `surveys`
--

CREATE TABLE `surveys` (
  `id` int(11) UNSIGNED NOT NULL,
  `name` varchar(255) COLLATE utf8_spanish_ci NOT NULL,
  `sections_ids` varchar(100) COLLATE utf8_spanish_ci NOT NULL DEFAULT '',
  `code` varchar(10) COLLATE utf8_spanish_ci DEFAULT NULL,
  `created_at` timestamp NOT NULL DEFAULT CURRENT_TIMESTAMP ON UPDATE CURRENT_TIMESTAMP,
  `updated_at` timestamp NULL DEFAULT NULL,
  `remember_token` varchar(270) COLLATE utf8_spanish_ci DEFAULT NULL
) ENGINE=InnoDB DEFAULT CHARSET=utf8 COLLATE=utf8_spanish_ci;

--
-- Volcado de datos para la tabla `surveys`
--

INSERT INTO `surveys` (`id`, `name`, `sections_ids`, `code`, `created_at`, `updated_at`, `remember_token`) VALUES
(1, 'Encuesta Primaria Menor', '1,2,3,4,5,6', 'K76XM9', '2017-01-29 03:28:39', '2017-01-28 21:28:39', 'Pdx14MoOJ4KT7jq12S2i70Vxn7e0v7LRlTyF6AlRcgGj7ifvbMHMRvUKquy6'),
(2, 'Encuesta Tipo 1 - Prim. Mayor', '7,8,9,14,15', 'H6FP88', '2017-02-01 21:27:02', '2017-02-01 21:27:02', 'TJmSSI8tyydrcORTDCQltUZLvoxzfyCh82lNOYpwcdrsJ0nCc6AxUzaqxGum'),
(3, 'Encuesta Tipo 2 - Prim. Mayor', '7,10,11,14,15', 'NCPSL8', '2017-02-10 18:52:24', '2017-02-10 18:52:24', 'NzjRJv1Qtbio1l096duzy5iXOScK3nwDoDpND7r3HuOCD9GXNZGaCvrw85vi'),
(4, 'Encuesta Tipo 3 - Prim. Mayor', '7,12,13,14,15', '5BMB76', '2017-02-07 21:07:21', '2017-02-07 21:07:21', 'wd3kskhXfBTHDz2j1V0YpH8hy61uhV8qVHDLA3mdaycKgIFJMHhLIYUBtALJ'),
(6, 'Encuesta Tipo 1 - Secundaria', '16,17,18,23,24', 'Y9JWUE', '2017-02-07 21:09:55', '2017-02-07 21:09:55', 'qIKJTLd0CW6cPcA0RldLf08csg6O2UxO6UtWM1WiwkB1a4bBAk0r7RhavRwq'),
(7, 'Encuesta Tipo 2 - Secundaria', '16,19,20,23,24', 'TTTTEEEE', '2017-02-10 19:03:41', '2017-02-10 19:03:41', 'nW0JI3xHdllEFAqiS4ZgHiQYQGY2yKC2AcPTLRF80ZIaVmjxU7udVtOM4k7n'),
(8, 'Encuesta Tipo 3 - Secundaria', '16,21,22,23,24', NULL, '2017-01-21 12:02:25', NULL, NULL),
(10, 'Encuesta Tipo 1 - Padre Familia', '25,26,27,33,34', 'YYY777', '2017-02-08 00:49:08', '2017-02-08 00:49:08', 'E9hBnhdkNFPN8BEoKpI8Nm7QLSESsMbiDRtpDweBBGetmcnAhKcynm4eWrss'),
(11, 'Encuesta Tipo 2 - Padre Familia', '25,28,29,33,34', NULL, '2017-01-21 12:02:25', NULL, NULL),
(12, 'Encuesta Tipo 3 - Padre Familia', '25,30,32,33,34', NULL, '2017-01-21 12:02:25', NULL, NULL),
(13, 'Encuesta Tipo 4 - Padre Familia', '25,31,32,33,34', NULL, '2017-01-21 12:02:25', NULL, NULL),
(14, 'Encuesta Tipo 1 - Empleados', '35,36,37,43,44', NULL, '2017-01-21 12:02:25', NULL, NULL),
(15, 'Encuesta Tipo 2 - Empleados', '35,38,39,43,44', NULL, '2017-01-21 12:02:25', NULL, NULL),
(16, 'Encuesta Tipo 3 - Empleados', '35,40,42,43,44', NULL, '2017-01-21 12:02:25', NULL, NULL),
(17, 'Encuesta Tipo 4 - Empleados', '35,41,42,43,44', NULL, '2017-01-21 12:02:25', NULL, NULL);

-- --------------------------------------------------------

--
-- Estructura de tabla para la tabla `teachers`
--

CREATE TABLE `teachers` (
  `id` int(11) NOT NULL,
  `name` varchar(111) COLLATE utf8_spanish_ci NOT NULL,
  `grupo` varchar(111) COLLATE utf8_spanish_ci DEFAULT NULL,
  `sectors_id` int(11) NOT NULL,
  `schools_id` int(11) NOT NULL,
  `materia` varchar(111) COLLATE utf8_spanish_ci DEFAULT NULL,
  `created_at` timestamp(6) NULL DEFAULT NULL,
  `updated_at` timestamp(6) NOT NULL
) ENGINE=MyISAM DEFAULT CHARSET=utf8 COLLATE=utf8_spanish_ci;

--
-- Volcado de datos para la tabla `teachers`
--

INSERT INTO `teachers` (`id`, `name`, `grupo`, `sectors_id`, `schools_id`, `materia`, `created_at`, `updated_at`) VALUES
(1, 'Alvarado González, Sandra Luz', '2c', 7, 2, 'computación y artes', '2017-02-09 06:00:00.000000', '2017-02-09 06:00:00.000000'),
(2, 'Andrade Garza, José De Jesús', 'todos grupos', 7, 2, 'educacion fisica', '2017-02-09 06:00:00.000000', '2017-02-09 06:00:00.000000'),
(3, 'Ávila Rodríguez, Diana Marianela', '3d', 7, 2, 'Historia de mexico y titular', '2017-02-09 06:00:00.000000', '2017-02-09 06:00:00.000000'),
(4, 'Barron Valdez, Silvia Nora', '3c', 7, 2, 'titular y civica y etica', '2017-02-09 06:00:00.000000', '2017-02-09 06:00:00.000000'),
(5, 'Castillo Silva, Marlon Javier', '1, 2 y 3', 7, 2, 'computacion y valores', '2017-02-09 06:00:00.000000', '2017-02-09 06:00:00.000000'),
(6, 'Contreras Stroobants, Susana Josefina', '1b', 7, 2, 'titular y biología', '2017-02-09 06:00:00.000000', '2017-02-09 06:00:00.000000'),
(7, 'García Rodríguez, Andrea Catalina', '2d', 7, 2, 'titular, civica y etica', '2017-02-09 06:00:00.000000', '2017-02-09 06:00:00.000000'),
(8, 'Mayorga Morales, Yilenia Lizeth', '3b', 7, 2, 'titular y español', '2017-02-09 06:00:00.000000', '2017-02-09 06:00:00.000000'),
(9, 'Melo Cruz, Ana Lidia', '3e', 7, 2, 'quimica y arte', '2017-02-09 06:00:00.000000', '2017-02-09 06:00:00.000000'),
(10, 'Miranda García, María del Carmen', '2 y 3', 7, 2, 'matemáticas', '2017-02-09 06:00:00.000000', '2017-02-09 06:00:00.000000'),
(11, 'Morales Barrios, Yaresi Del Carmen', '2b', 7, 2, 'historia universal artes 1, 2, 3.', '2017-02-09 06:00:00.000000', '2017-02-09 06:00:00.000000'),
(12, 'Morales Briones, Rosario', '1 y 3', 7, 2, 'teacher', '2017-02-09 06:00:00.000000', '2017-02-09 06:00:00.000000'),
(13, 'Núñez Aguiar, Ana María', '2a', 7, 2, 'teacher y titular', '2017-02-09 06:00:00.000000', '2017-02-09 06:00:00.000000'),
(14, 'Orozco Caracheo, Alicia Guadalupe', '3a', 7, 2, 'español y valores', '2017-02-09 06:00:00.000000', '2017-02-09 06:00:00.000000'),
(15, 'Plascencia Escalante, Alberto', '3', 7, 2, 'teacher', '2017-02-09 06:00:00.000000', '2017-02-09 06:00:00.000000'),
(16, 'Rangel Nava, Diego Antonio', '1c', 7, 2, 'titular geoografia y física', '2017-02-09 06:00:00.000000', '2017-02-09 06:00:00.000000'),
(17, 'Treviño Hinojosa, Ana María', '1a', 7, 2, 'matemáticas', '2017-02-09 06:00:00.000000', '2017-02-09 06:00:00.000000'),
(18, 'Alvarado Ayala, Amalia Eugenia', '4,5,6 primaria', 3, 1, 'danza', '2017-02-09 06:00:00.000000', '2017-02-09 06:00:00.000000'),
(19, 'Barrera Rodríguez, María Gabriela', 'teacher 6', 3, 1, 'teacher', '2017-02-09 06:00:00.000000', '2017-02-09 06:00:00.000000'),
(20, 'Calderón Campa, Carolina', '4c', 3, 1, 'titular', '2017-02-09 06:00:00.000000', '2017-02-09 06:00:00.000000'),
(21, 'Cintora Berumen, Aracely Guadalupe', '4,5,y 6', 3, 1, 'computación', '2017-02-09 06:00:00.000000', '2017-02-09 06:00:00.000000'),
(22, 'Esmeralda Hernández, María Luisa', '4d', 3, 1, 'titular', '2017-02-09 06:00:00.000000', '2017-02-09 06:00:00.000000'),
(23, 'Espinoza Medina, Diana', '5', 3, 1, 'teacher', '2017-02-09 06:00:00.000000', '2017-02-09 06:00:00.000000'),
(24, 'Fernández Treviño, Catalina', '5c', 3, 1, 'titular', '2017-02-09 06:00:00.000000', '2017-02-09 06:00:00.000000'),
(25, 'Flores, Iza Nelly', 'coord. Ingles', 3, 1, NULL, '2017-02-09 06:00:00.000000', '2017-02-09 06:00:00.000000'),
(26, 'Galavíz Aguilar, Iris Gabriela', '6b', 3, 1, 'titular', '2017-02-09 06:00:00.000000', '2017-02-09 06:00:00.000000'),
(27, 'García Del Río, Víctor Manuel', '4b', 3, 1, 'titular', '2017-02-09 06:00:00.000000', '2017-02-09 06:00:00.000000'),
(28, 'García Uresti, Brenda Liliana', '5a', 3, 1, 'titular', '2017-02-09 06:00:00.000000', '2017-02-09 06:00:00.000000'),
(29, 'Hernandez Martinez, Stephanie Cristina', '5d', 3, 1, 'titular', '2017-02-09 06:00:00.000000', '2017-02-09 06:00:00.000000'),
(30, 'Hernandez Palomo, Armandina', '6a', 3, 1, 'titular', '2017-02-09 06:00:00.000000', '2017-02-09 06:00:00.000000'),
(31, 'López García, Anilú', 'directora icc', 3, 1, 'hermana', '2017-02-09 06:00:00.000000', '2017-02-09 06:00:00.000000'),
(32, 'Mata Reyes, Maria Luisa', '5b', 3, 1, 'titular', '2017-02-09 06:00:00.000000', '2017-02-09 06:00:00.000000'),
(33, 'Ortega Palomo, Francisco Javier', '4,5,6', 3, 1, 'educación física', '2017-02-09 06:00:00.000000', '2017-02-09 06:00:00.000000'),
(34, 'Ruíz Rodríguez, Tania Lizzeth', '6c', 3, 1, 'titular', '2017-02-09 06:00:00.000000', '2017-02-09 06:00:00.000000'),
(35, 'Salinas Gonzalez, Laura Patricia', '4', 3, 1, 'teacher', '2017-02-09 06:00:00.000000', '2017-02-09 06:00:00.000000'),
(36, 'Torres Rocha, Monica Nayeli', '4 y 5', 3, 1, 'teacher', '2017-02-09 06:00:00.000000', '2017-02-09 06:00:00.000000'),
(37, 'Torres Ruiz, Marcela Nataly', '6d', 3, 1, 'titular', '2017-02-09 06:00:00.000000', '2017-02-09 06:00:00.000000'),
(38, 'Tovar Torres, Miriam', '4a', 3, 1, 'titular', '2017-02-09 06:00:00.000000', '2017-02-09 06:00:00.000000'),
(39, 'Alvarado Garza, Alma Aurora', NULL, 6, 2, 'computacion', '2017-02-09 06:00:00.000000', '2017-02-09 06:00:00.000000'),
(40, 'Castillo Vallejo, María Virginia', '6c', 6, 2, 'titular', '2017-02-09 06:00:00.000000', '2017-02-09 06:00:00.000000'),
(41, 'Cruz Amaya, María Guadalupe', '4b', 6, 2, 'titular', '2017-02-09 06:00:00.000000', '2017-02-09 06:00:00.000000'),
(42, 'González Cerda, Edith Irasema', NULL, 6, 2, NULL, '2017-02-09 06:00:00.000000', '2017-02-09 06:00:00.000000'),
(43, 'González Ortega, Alma', '6', 6, 2, 'teacher', '2017-02-09 06:00:00.000000', '2017-02-09 06:00:00.000000'),
(44, 'Graniel Abdo, Maria Margarita', '5a', 6, 2, 'titular', '2017-02-09 06:00:00.000000', '2017-02-09 06:00:00.000000'),
(45, 'Lira Becerra, Yaresi Mayela', '6a', 6, 2, 'titular', '2017-02-09 06:00:00.000000', '2017-02-09 06:00:00.000000'),
(46, 'Olan Carrillo, Neide', '5b', 6, 2, 'titular', '2017-02-09 06:00:00.000000', '2017-02-09 06:00:00.000000'),
(47, 'Pérez Cavazos, Brenda Lisha', '5', 6, 2, 'teacher', '2017-02-09 06:00:00.000000', '2017-02-09 06:00:00.000000'),
(48, 'Ramos Medina, Nallely Viridiana', '6b', 6, 2, 'titular', '2017-02-09 06:00:00.000000', '2017-02-09 06:00:00.000000'),
(49, 'Reyna Ramírez, Maricela Guadalupe', '5c', 6, 2, 'titular', '2017-02-09 06:00:00.000000', '2017-02-09 06:00:00.000000'),
(50, 'Sánchez Vargas, Karla', '4c', 6, 2, 'titular', '2017-02-09 06:00:00.000000', '2017-02-09 06:00:00.000000'),
(51, 'Valdez Baldivia, Andrea Teresa', '4', 6, 2, 'teacher', '2017-02-09 06:00:00.000000', '2017-02-09 06:00:00.000000'),
(52, 'Velázquez Chapa, Maryangela', '4a', 6, 2, 'titular', '2017-02-09 06:00:00.000000', '2017-02-09 06:00:00.000000'),
(53, 'Zatarain Anleu, Marco Jonathan', '5d', 6, 2, 'titular', '2017-02-09 06:00:00.000000', '2017-02-09 06:00:00.000000'),
(54, 'Aguilar Álvarez, Adolfo', '1,2 y 3', 4, 1, 'educación física', '2017-02-09 06:00:00.000000', '2017-02-09 06:00:00.000000'),
(55, 'Álvarez González, María Concepción', '3c', 4, 1, 'titular, matemáticas III', '2017-02-09 06:00:00.000000', '2017-02-09 06:00:00.000000'),
(56, 'Arroyo Gallegos, Maria del Socorro', '1d', 4, 1, 'titular, inglés I', '2017-02-09 06:00:00.000000', '2017-02-09 06:00:00.000000'),
(57, 'Castro Ramírez, Domitila', '2d', 4, 1, 'titular, educación en la fe.', '2017-02-09 06:00:00.000000', '2017-02-09 06:00:00.000000'),
(58, 'Cavazos Ruiz, Martha Delia', '3d', 4, 1, 'titular, Química', '2017-02-09 06:00:00.000000', '2017-02-09 06:00:00.000000'),
(59, 'Cedano Perez, Juanita', '3b', 4, 1, 'titular, Historia III, Formación civica y etica', '2017-02-09 06:00:00.000000', '2017-02-09 06:00:00.000000'),
(60, 'Cerda Sánchez, José Luis', '3', 4, 1, 'ingles III', '2017-02-09 06:00:00.000000', '2017-02-09 06:00:00.000000'),
(61, 'González Silva, María Luisa', '1,2,3', 4, 1, 'artes', '2017-02-09 06:00:00.000000', '2017-02-09 06:00:00.000000'),
(62, 'Hernández Alanís, Hilda Janeth', '2', 4, 1, 'historia II, formación civica y etica', '2017-02-09 06:00:00.000000', '2017-02-09 06:00:00.000000'),
(63, 'Hernández Guajardo, Vanessa Damaris', '1b', 4, 1, 'titular, matemáticas I y formación civica y etica', '2017-02-09 06:00:00.000000', '2017-02-09 06:00:00.000000'),
(64, 'Herrera Morales, Rosa Elvia', '1,2 y 3', 4, 1, 'computación', '2017-02-09 06:00:00.000000', '2017-02-09 06:00:00.000000'),
(65, 'Ledezma Vargas, Miriam Elizabeth', '2', 4, 1, 'Ingles II', '2017-02-09 06:00:00.000000', '2017-02-09 06:00:00.000000'),
(66, 'Martínez Mendoza, Jessica Fabiola', '1c', 4, 1, 'titular, español I y formación ciudadana', '2017-02-09 06:00:00.000000', '2017-02-09 06:00:00.000000'),
(67, 'Mendoza Arreola, Lilia Mireya', '2a', 4, 1, 'titular, español II', '2017-02-09 06:00:00.000000', '2017-02-09 06:00:00.000000'),
(68, 'Reyna Monsivais, Silvia', '2b', 4, 1, 'titular, matemáticas II', '2017-02-09 06:00:00.000000', '2017-02-09 06:00:00.000000'),
(69, 'Rodríguez Razo, Sergio Israel', NULL, 4, 1, 'español III y formación civica II', '2017-02-09 06:00:00.000000', '2017-02-09 06:00:00.000000'),
(70, 'Salazar Macías, Adela Ivett', '3a', 4, 1, 'titular, geografía I y formación cívica II', '2017-02-09 06:00:00.000000', '2017-02-09 06:00:00.000000'),
(71, 'Salazar Villa, Pedro', '2c', 4, 1, 'titular, Física', '2017-02-09 06:00:00.000000', '2017-02-09 06:00:00.000000'),
(72, 'Solís Segovia, María Beatriz', '1a', 4, 1, 'titular, Biología', '2017-02-09 06:00:00.000000', '2017-02-09 06:00:00.000000');

-- --------------------------------------------------------

--
-- Estructura de tabla para la tabla `users`
--

CREATE TABLE `users` (
  `id` int(11) UNSIGNED NOT NULL,
  `name` varchar(255) COLLATE utf8_spanish_ci NOT NULL,
  `email` varchar(255) COLLATE utf8_spanish_ci NOT NULL,
  `password` varchar(255) COLLATE utf8_spanish_ci NOT NULL,
  `rols_id` int(11) UNSIGNED NOT NULL,
  `remember_token` varchar(270) COLLATE utf8_spanish_ci DEFAULT NULL,
  `created_at` timestamp NOT NULL DEFAULT CURRENT_TIMESTAMP,
  `updated_at` timestamp NOT NULL DEFAULT CURRENT_TIMESTAMP,
  `deleted_at` timestamp NULL DEFAULT NULL,
  `created_by` int(11) UNSIGNED DEFAULT NULL,
  `updated_by` int(11) UNSIGNED DEFAULT NULL
) ENGINE=InnoDB DEFAULT CHARSET=utf8 COLLATE=utf8_spanish_ci;

--
-- Volcado de datos para la tabla `users`
--

INSERT INTO `users` (`id`, `name`, `email`, `password`, `rols_id`, `remember_token`, `created_at`, `updated_at`, `deleted_at`, `created_by`, `updated_by`) VALUES
(1, 'Álvaro Esparza', 'alvaro.esparza@cecac.edu.mx', '$2y$10$iL3PJrqj6TXMyvvfRd0WYOw0Cwv1ubO9kQ9sZxL0dkde8rJH5g3VS', 1, 'k3kdsS8pdMb5F5evPp9q4en6gzbXeZqMuAOmiaDbBq8BrFIdF2WPmuOFWnxu', '2017-01-05 02:22:50', '2017-01-05 10:22:14', NULL, NULL, NULL),
(2, 'Christopher Medina', 'cmedina@cecac.edu.mx', '$2y$10$lV6s/dEXBpbYr3.yIaJy1eAokytMd8pGGeI7fr6XzRDC37oZGIbIq', 1, '091ZOe4T8eey0hB6OO2b4YX1VzxcPo9jwdZ9lw9SEYNGHHQnC6I4Z0I3Tuwn', '2017-01-04 21:22:58', '2017-01-27 23:12:20', NULL, NULL, NULL);

-- --------------------------------------------------------

--
-- Estructura de tabla para la tabla `users_survey`
--

CREATE TABLE `users_survey` (
  `id` int(11) UNSIGNED NOT NULL,
  `name` varchar(255) DEFAULT NULL,
  `lastname1` varchar(255) DEFAULT NULL,
  `lastname2` varchar(255) DEFAULT NULL,
  `school_id` int(11) DEFAULT NULL,
  `sector_id` int(11) DEFAULT NULL,
  `student_name` varchar(255) DEFAULT NULL,
  `student_lastname1` varchar(255) DEFAULT NULL,
  `student_lastname2` varchar(255) DEFAULT NULL,
  `survey_id` varchar(100) DEFAULT NULL,
  `survey_answered` int(11) DEFAULT NULL,
  `created_at` timestamp NULL DEFAULT CURRENT_TIMESTAMP,
  `updated_at` timestamp NULL DEFAULT NULL
) ENGINE=InnoDB DEFAULT CHARSET=utf8;

--
-- Volcado de datos para la tabla `users_survey`
--

INSERT INTO `users_survey` (`id`, `name`, `lastname1`, `lastname2`, `school_id`, `sector_id`, `student_name`, `student_lastname1`, `student_lastname2`, `survey_id`, `survey_answered`, `created_at`, `updated_at`) VALUES
(1, NULL, NULL, NULL, 1, 3, 'VICTOR', 'GARCIA', 'DEL RIO', '3', NULL, '2017-01-31 21:59:03', '2017-01-31 21:59:03'),
(2, NULL, NULL, NULL, 1, 3, 'dfsdfsd', 'sdfsdff', 'sdfsdfs', '2', NULL, '2017-01-31 22:06:53', '2017-01-31 22:06:53'),
(3, NULL, NULL, NULL, 1, 3, 'alvaro', 'alexe', 'esparza', '2', NULL, '2017-01-31 22:16:08', '2017-01-31 22:16:08'),
(4, NULL, NULL, NULL, 1, 3, 'VICTOR', 'GARCIA', 'DEL RIO', '2', NULL, '2017-01-31 22:20:00', '2017-01-31 22:20:00'),
(5, NULL, NULL, NULL, 2, 6, 'dfgf', 'fsdfsd', 'dfsdfsdf', '4', NULL, '2017-01-31 22:41:10', '2017-01-31 22:41:10'),
(6, NULL, NULL, NULL, 1, 3, 'dtfcxgctg', 'xfcrfxccrcfrfc', 'rfcrfcrfcrfcr', '2', NULL, '2017-01-31 23:38:09', '2017-01-31 23:38:09'),
(7, NULL, NULL, NULL, 2, 6, 'fdfs', 'dsfsdf', 'fsdfsdfs', '2', NULL, '2017-02-01 21:19:02', '2017-02-01 21:19:02'),
(8, NULL, NULL, NULL, 1, 3, 'sfdfs', 'sdfsdf', 'sdfsdf', '3', NULL, '2017-02-01 21:27:34', '2017-02-01 21:27:34'),
(9, NULL, NULL, NULL, 1, 3, 'sfdfs', 'sdfsdf', 'sdfsdf', '3', NULL, '2017-02-01 22:19:57', '2017-02-01 22:19:57'),
(10, NULL, NULL, NULL, 1, 3, 'lalalalal', 'lolololo', 'dadada', '3', NULL, '2017-02-02 18:03:09', '2017-02-02 18:03:09'),
(11, NULL, NULL, NULL, 2, 6, 'alvaro', 'dfwefsdof', 'dfdpm vklsdf', '3', NULL, '2017-02-02 19:49:26', '2017-02-02 19:49:26'),
(12, NULL, NULL, NULL, 2, 6, 'jose ', 'riera', 'josuaa', '3', NULL, '2017-02-02 21:47:54', '2017-02-02 21:47:54'),
(13, NULL, NULL, NULL, 1, 3, 'efsdf', 'sdfsdfsd', 'dfsdfsd', '3', NULL, '2017-02-03 17:40:16', '2017-02-03 17:40:16'),
(14, NULL, NULL, NULL, 1, 3, 'dfsdf', 'fsdfsdd', 'fsdfsdfsdfsdf', '3', NULL, '2017-02-03 18:03:02', '2017-02-03 18:03:02'),
(15, NULL, NULL, NULL, 1, 3, 'gfdg', 'dfsgdfgsdf', 'gdfgdfgdfg', '3', NULL, '2017-02-03 19:07:07', '2017-02-03 19:07:07'),
(16, NULL, NULL, NULL, 1, 3, 'gfdgdfgdf', 'dfgdfsgsdfgsdfgg', 'sdfgsdfgdfgsdf', '3', NULL, '2017-02-07 20:26:52', '2017-02-07 20:26:52'),
(17, NULL, NULL, NULL, 2, 6, 'alvaro', 'dsfsdf', 'Rivero', '4', NULL, '2017-02-07 21:06:28', '2017-02-07 21:06:28'),
(18, NULL, NULL, NULL, 1, 4, 'fffffffffffffffff', 'fffffffffffffffff', 'fffffffffffffffffff', '6', NULL, '2017-02-07 21:09:43', '2017-02-07 21:09:43'),
(19, NULL, NULL, NULL, 1, 2, 'BENITO', 'CAMELA', 'ENCORTO', '10', NULL, '2017-02-07 21:11:53', '2017-02-07 21:11:53'),
(20, 'jesus', 'cyhsdfusd', 'sdnsdnsdfsdf', 2, 6, NULL, NULL, NULL, '10', NULL, '2017-02-07 22:41:40', '2017-02-07 22:41:40'),
(21, 'jojojojojo', 'jijiijiji', 'jajajajaja', 2, 5, NULL, NULL, NULL, '10', NULL, '2017-02-08 00:22:40', '2017-02-08 00:22:40'),
(22, NULL, NULL, NULL, 1, 3, 'aldlsdl', 'fsdomfsdmf', 'sdmfsdmfosdmfkosd', '3', NULL, '2017-02-09 18:40:24', '2017-02-09 18:40:24'),
(23, NULL, NULL, NULL, 2, 6, 'sdpfksdfmsdmfoDMF', 'POKSMDCSDMFSDMFSD', 'PKSDMCPMSDFMKSDF', '3', NULL, '2017-02-09 20:18:32', '2017-02-09 20:18:32'),
(24, NULL, NULL, NULL, 1, 3, 'dgdfgdf', 'gdfgdfgdf', 'gdfgdfgd', '3', NULL, '2017-02-09 21:23:09', '2017-02-09 21:23:09'),
(25, NULL, NULL, NULL, 2, 6, 'fdsg', 'sdfgdfg', 'dfgdfg', '3', NULL, '2017-02-09 21:25:53', '2017-02-09 21:25:53'),
(26, NULL, NULL, NULL, 2, 6, 'xdokerk', 'pokxiokiofioj', 'iocdosjosdfi', '3', NULL, '2017-02-09 21:29:45', '2017-02-09 21:29:45'),
(27, NULL, NULL, NULL, 1, 3, 'crt', 'rtdrt', 'drtertder', '3', NULL, '2017-02-09 21:32:05', '2017-02-09 21:32:05'),
(28, NULL, NULL, NULL, 2, 6, 'dsfsfsd', 'fsdfsdfsd', 'fsdfasd', '3', NULL, '2017-02-09 21:35:38', '2017-02-09 21:35:38'),
(29, NULL, NULL, NULL, 1, 3, 'sdfsdfsdfsdfsdf', 'sdfsdfsdfdssd', 'sdfsdfsdfsf', '3', NULL, '2017-02-09 21:36:46', '2017-02-09 21:36:46'),
(30, NULL, NULL, NULL, 2, 6, 'alvaro', 'alvaro', 'esparzqa', '3', NULL, '2017-02-09 21:38:58', '2017-02-09 21:38:58'),
(31, NULL, NULL, NULL, 2, 6, 'alvaro', 'sea', 'ewll', '3', NULL, '2017-02-09 21:58:03', '2017-02-09 21:58:03'),
(32, NULL, NULL, NULL, 2, 6, 'dfsdfsdf', 'sdfsdfsdf', 'sdfsdfsdf', '3', NULL, '2017-02-09 22:00:00', '2017-02-09 22:00:00'),
(33, NULL, NULL, NULL, 1, 3, 'RAMIRO', 'DURON', 'RIVERO', '3', NULL, '2017-02-10 17:34:06', '2017-02-10 17:34:06'),
(34, NULL, NULL, NULL, 1, 3, 'sdfsdfsdf', 'sdfsdfsd', 'sdfsdfsdf', '3', NULL, '2017-02-10 17:36:05', '2017-02-10 17:36:05'),
(35, NULL, NULL, NULL, 2, 6, 'dfsdf', 'fdds', 'sdfsdf', '3', NULL, '2017-02-10 18:10:44', '2017-02-10 18:10:44'),
(36, NULL, NULL, NULL, 1, 3, 'dfsd', 'sdfsdf', 'sdfsdfsf', '3', NULL, '2017-02-10 18:14:53', '2017-02-10 18:14:53'),
(37, NULL, NULL, NULL, 2, 6, 'dfdfdsf', 'sdfsdsd', 'sdfsdfdsf', '3', NULL, '2017-02-10 18:17:42', '2017-02-10 18:17:42'),
(38, NULL, NULL, NULL, 2, 6, 'aaaaaaa', 'ssssss', 'sssss', '3', NULL, '2017-02-10 18:19:59', '2017-02-10 18:19:59'),
(39, NULL, NULL, NULL, 1, 3, 'fsdfssdf', 'sdfsdds', 'sfdsfsdsdf', '3', NULL, '2017-02-10 18:20:42', '2017-02-10 18:20:42'),
(40, NULL, NULL, NULL, 1, 3, 'eeee', 'eeeeee', 'eeee', '3', NULL, '2017-02-10 18:23:51', '2017-02-10 18:23:51'),
(41, NULL, NULL, NULL, 2, 6, 'sfsdf', 'fsdfsdsd', 'fsdfsd', '3', NULL, '2017-02-10 18:43:56', '2017-02-10 18:43:56'),
(42, NULL, NULL, NULL, 2, 6, 'ddddd', 'dddd', 'ddddddd', '3', NULL, '2017-02-10 18:51:05', '2017-02-10 18:51:05'),
(43, NULL, NULL, NULL, 1, 4, 'FFFFFF', 'FFFFFF', 'FFFFF', '7', NULL, '2017-02-10 18:52:53', '2017-02-10 18:52:53'),
(44, NULL, NULL, NULL, 2, 7, 'jose luis', 'kaka', 'koko', '7', NULL, '2017-02-10 18:55:43', '2017-02-10 18:55:43');

-- --------------------------------------------------------

--
-- Estructura de tabla para la tabla `user_has_school`
--

CREATE TABLE `user_has_school` (
  `user_id` int(11) UNSIGNED NOT NULL,
  `school_id` int(11) UNSIGNED NOT NULL,
  `created_at` timestamp NOT NULL DEFAULT CURRENT_TIMESTAMP,
  `updated_at` timestamp NULL DEFAULT NULL,
  `created_by` int(11) UNSIGNED DEFAULT NULL,
  `updated_by` int(11) UNSIGNED DEFAULT NULL
) ENGINE=InnoDB DEFAULT CHARSET=utf8 COLLATE=utf8_spanish_ci;

--
-- Índices para tablas volcadas
--

--
-- Indices de la tabla `answers`
--
ALTER TABLE `answers`
  ADD PRIMARY KEY (`id`),
  ADD KEY `section_id` (`section_id`),
  ADD KEY `survey_id` (`survey_id`),
  ADD KEY `question_id` (`question_id`),
  ADD KEY `user_id` (`user_id`);

--
-- Indices de la tabla `categories`
--
ALTER TABLE `categories`
  ADD PRIMARY KEY (`id`);

--
-- Indices de la tabla `comments`
--
ALTER TABLE `comments`
  ADD PRIMARY KEY (`id`);

--
-- Indices de la tabla `group_has_question`
--
ALTER TABLE `group_has_question`
  ADD KEY `index_group_id` (`group_id`),
  ADD KEY `index_question_id` (`question_id`),
  ADD KEY `created_by` (`created_by`),
  ADD KEY `updated_by` (`updated_by`);

--
-- Indices de la tabla `group_questions`
--
ALTER TABLE `group_questions`
  ADD PRIMARY KEY (`id`);

--
-- Indices de la tabla `questions`
--
ALTER TABLE `questions`
  ADD PRIMARY KEY (`id`),
  ADD KEY `question_type_index` (`question_type`),
  ADD KEY `rule_id` (`rule_id`);

--
-- Indices de la tabla `questions_type`
--
ALTER TABLE `questions_type`
  ADD PRIMARY KEY (`id`);

--
-- Indices de la tabla `rols`
--
ALTER TABLE `rols`
  ADD PRIMARY KEY (`id`);

--
-- Indices de la tabla `rules`
--
ALTER TABLE `rules`
  ADD PRIMARY KEY (`id`);

--
-- Indices de la tabla `schools`
--
ALTER TABLE `schools`
  ADD PRIMARY KEY (`id`);

--
-- Indices de la tabla `sections`
--
ALTER TABLE `sections`
  ADD PRIMARY KEY (`id`),
  ADD KEY `category_id` (`category_id`);

--
-- Indices de la tabla `sectors`
--
ALTER TABLE `sectors`
  ADD PRIMARY KEY (`id`);

--
-- Indices de la tabla `surveys`
--
ALTER TABLE `surveys`
  ADD PRIMARY KEY (`id`);

--
-- Indices de la tabla `teachers`
--
ALTER TABLE `teachers`
  ADD PRIMARY KEY (`id`);

--
-- Indices de la tabla `users`
--
ALTER TABLE `users`
  ADD PRIMARY KEY (`id`),
  ADD KEY `rol_id_index` (`rols_id`),
  ADD KEY `created_by` (`created_by`),
  ADD KEY `updated_by` (`updated_by`);

--
-- Indices de la tabla `users_survey`
--
ALTER TABLE `users_survey`
  ADD PRIMARY KEY (`id`);

--
-- Indices de la tabla `user_has_school`
--
ALTER TABLE `user_has_school`
  ADD KEY `index_user_id` (`user_id`),
  ADD KEY `index_school_id` (`school_id`),
  ADD KEY `created_by` (`created_by`),
  ADD KEY `updated_by` (`updated_by`);

--
-- AUTO_INCREMENT de las tablas volcadas
--

--
-- AUTO_INCREMENT de la tabla `answers`
--
ALTER TABLE `answers`
  MODIFY `id` int(255) UNSIGNED NOT NULL AUTO_INCREMENT, AUTO_INCREMENT=1031;
--
-- AUTO_INCREMENT de la tabla `categories`
--
ALTER TABLE `categories`
  MODIFY `id` int(11) UNSIGNED NOT NULL AUTO_INCREMENT, AUTO_INCREMENT=10;
--
-- AUTO_INCREMENT de la tabla `comments`
--
ALTER TABLE `comments`
  MODIFY `id` int(11) UNSIGNED NOT NULL AUTO_INCREMENT, AUTO_INCREMENT=34;
--
-- AUTO_INCREMENT de la tabla `group_questions`
--
ALTER TABLE `group_questions`
  MODIFY `id` int(11) UNSIGNED NOT NULL AUTO_INCREMENT, AUTO_INCREMENT=12;
--
-- AUTO_INCREMENT de la tabla `questions`
--
ALTER TABLE `questions`
  MODIFY `id` int(11) UNSIGNED NOT NULL AUTO_INCREMENT, AUTO_INCREMENT=349;
--
-- AUTO_INCREMENT de la tabla `questions_type`
--
ALTER TABLE `questions_type`
  MODIFY `id` int(11) NOT NULL AUTO_INCREMENT, AUTO_INCREMENT=12;
--
-- AUTO_INCREMENT de la tabla `rols`
--
ALTER TABLE `rols`
  MODIFY `id` int(11) UNSIGNED NOT NULL AUTO_INCREMENT, AUTO_INCREMENT=5;
--
-- AUTO_INCREMENT de la tabla `rules`
--
ALTER TABLE `rules`
  MODIFY `id` int(11) UNSIGNED NOT NULL AUTO_INCREMENT, AUTO_INCREMENT=6;
--
-- AUTO_INCREMENT de la tabla `schools`
--
ALTER TABLE `schools`
  MODIFY `id` int(11) UNSIGNED NOT NULL AUTO_INCREMENT, AUTO_INCREMENT=3;
--
-- AUTO_INCREMENT de la tabla `sections`
--
ALTER TABLE `sections`
  MODIFY `id` int(11) UNSIGNED NOT NULL AUTO_INCREMENT, AUTO_INCREMENT=44;
--
-- AUTO_INCREMENT de la tabla `sectors`
--
ALTER TABLE `sectors`
  MODIFY `id` int(11) NOT NULL AUTO_INCREMENT, AUTO_INCREMENT=8;
--
-- AUTO_INCREMENT de la tabla `surveys`
--
ALTER TABLE `surveys`
  MODIFY `id` int(11) UNSIGNED NOT NULL AUTO_INCREMENT, AUTO_INCREMENT=18;
--
-- AUTO_INCREMENT de la tabla `teachers`
--
ALTER TABLE `teachers`
  MODIFY `id` int(11) NOT NULL AUTO_INCREMENT, AUTO_INCREMENT=73;
--
-- AUTO_INCREMENT de la tabla `users`
--
ALTER TABLE `users`
  MODIFY `id` int(11) UNSIGNED NOT NULL AUTO_INCREMENT, AUTO_INCREMENT=3;
--
-- AUTO_INCREMENT de la tabla `users_survey`
--
ALTER TABLE `users_survey`
  MODIFY `id` int(11) UNSIGNED NOT NULL AUTO_INCREMENT, AUTO_INCREMENT=45;
--
-- Restricciones para tablas volcadas
--

--
-- Filtros para la tabla `answers`
--
ALTER TABLE `answers`
  ADD CONSTRAINT `answers_ibfk_2` FOREIGN KEY (`section_id`) REFERENCES `sections` (`id`),
  ADD CONSTRAINT `answers_ibfk_3` FOREIGN KEY (`survey_id`) REFERENCES `surveys` (`id`),
  ADD CONSTRAINT `answers_ibfk_4` FOREIGN KEY (`question_id`) REFERENCES `questions` (`id`),
  ADD CONSTRAINT `answers_ibfk_5` FOREIGN KEY (`user_id`) REFERENCES `users_survey` (`id`);

--
-- Filtros para la tabla `group_has_question`
--
ALTER TABLE `group_has_question`
  ADD CONSTRAINT `group_has_question_ibfk_1` FOREIGN KEY (`group_id`) REFERENCES `group_questions` (`id`),
  ADD CONSTRAINT `group_has_question_ibfk_2` FOREIGN KEY (`question_id`) REFERENCES `questions` (`id`),
  ADD CONSTRAINT `group_has_question_ibfk_3` FOREIGN KEY (`created_by`) REFERENCES `users` (`id`),
  ADD CONSTRAINT `group_has_question_ibfk_4` FOREIGN KEY (`updated_by`) REFERENCES `users` (`id`);

--
-- Filtros para la tabla `rules`
--
ALTER TABLE `rules`
  ADD CONSTRAINT `rules_ibfk_1` FOREIGN KEY (`id`) REFERENCES `questions` (`rule_id`);

--
-- Filtros para la tabla `sections`
--
ALTER TABLE `sections`
  ADD CONSTRAINT `sections_ibfk_1` FOREIGN KEY (`category_id`) REFERENCES `categories` (`id`);

--
-- Filtros para la tabla `users`
--
ALTER TABLE `users`
  ADD CONSTRAINT `fk_rol_id` FOREIGN KEY (`rols_id`) REFERENCES `rols` (`id`),
  ADD CONSTRAINT `users_ibfk_1` FOREIGN KEY (`created_by`) REFERENCES `users` (`id`),
  ADD CONSTRAINT `users_ibfk_2` FOREIGN KEY (`updated_by`) REFERENCES `users` (`id`);

--
-- Filtros para la tabla `user_has_school`
--
ALTER TABLE `user_has_school`
  ADD CONSTRAINT `fk_school_id` FOREIGN KEY (`school_id`) REFERENCES `schools` (`id`),
  ADD CONSTRAINT `fk_user_id` FOREIGN KEY (`user_id`) REFERENCES `users` (`id`),
  ADD CONSTRAINT `user_has_school_ibfk_1` FOREIGN KEY (`created_by`) REFERENCES `users` (`id`),
  ADD CONSTRAINT `user_has_school_ibfk_2` FOREIGN KEY (`updated_by`) REFERENCES `users` (`id`);

/*!40101 SET CHARACTER_SET_CLIENT=@OLD_CHARACTER_SET_CLIENT */;
/*!40101 SET CHARACTER_SET_RESULTS=@OLD_CHARACTER_SET_RESULTS */;
/*!40101 SET COLLATION_CONNECTION=@OLD_COLLATION_CONNECTION */;
